,week,2026-05-11,2026-05-11,2026-05-11,2026-05-11,2026-05-11,2026-05-11,2026-05-11,2026-05-11,2026-05-11,2026-05-11,2026-05-04,2026-05-04,2026-05-04,2026-05-04,2026-05-04,2026-05-04,2026-05-04,2026-05-04,2026-05-04,2026-05-04,2026-04-27,2026-04-27,2026-04-27,2026-04-27,2026-04-27,2026-04-27,2026-04-27,2026-04-27,2026-04-27,2026-04-27,2026-04-20,2026-04-20,2026-04-20,2026-04-20,2026-04-20,2026-04-20,2026-04-20,2026-04-20,2026-04-20,2026-04-20,2026-04-13,2026-04-13,2026-04-13,2026-04-13,2026-04-13,2026-04-13,2026-04-13,2026-04-13,2026-04-13,2026-04-13,2026-04-06,2026-04-06,2026-04-06,2026-04-06,2026-04-06,2026-04-06,2026-04-06,2026-04-06,2026-04-06,2026-04-06,2026-03-30,2026-03-30,2026-03-30,2026-03-30,2026-03-30,2026-03-30,2026-03-30,2026-03-30,2026-03-30,2026-03-30,2026-03-23,2026-03-23,2026-03-23,2026-03-23,2026-03-23,2026-03-23,2026-03-23,2026-03-23,2026-03-23,2026-03-23,2026-03-16,2026-03-16,2026-03-16,2026-03-16,2026-03-16,2026-03-16,2026-03-16,2026-03-16,2026-03-16,2026-03-16,2026-03-09,2026-03-09,2026-03-09,2026-03-09,2026-03-09,2026-03-09,2026-03-09,2026-03-09,2026-03-09,2026-03-09,2026-03-02,2026-03-02,2026-03-02,2026-03-02,2026-03-02,2026-03-02,2026-03-02,2026-03-02,2026-03-02,2026-03-02,2026-02-23,2026-02-23,2026-02-23,2026-02-23,2026-02-23,2026-02-23,2026-02-23,2026-02-23,2026-02-23,2026-02-23,2026-02-16,2026-02-16,2026-02-16,2026-02-16,2026-02-16,2026-02-16,2026-02-16,2026-02-16,2026-02-16,2026-02-16,2026-02-09,2026-02-09,2026-02-09,2026-02-09,2026-02-09,2026-02-09,2026-02-09,2026-02-09,2026-02-09,2026-02-09,2026-02-02,2026-02-02,2026-02-02,2026-02-02,2026-02-02,2026-02-02,2026-02-02,2026-02-02,2026-02-02,2026-02-02,2026-01-26,2026-01-26,2026-01-26,2026-01-26,2026-01-26,2026-01-26,2026-01-26,2026-01-26,2026-01-26,2026-01-26,2026-01-19,2026-01-19,2026-01-19,2026-01-19,2026-01-19,2026-01-19,2026-01-19,2026-01-19,2026-01-19,2026-01-19,2026-01-12,2026-01-12,2026-01-12,2026-01-12,2026-01-12,2026-01-12,2026-01-12,2026-01-12,2026-01-12,2026-01-12,2026-01-05,2026-01-05,2026-01-05,2026-01-05,2026-01-05,2026-01-05,2026-01-05,2026-01-05,2026-01-05,2026-01-05,2025-12-29,2025-12-29,2025-12-29,2025-12-29,2025-12-29,2025-12-29,2025-12-29,2025-12-29,2025-12-29,2025-12-29,2025-12-22,2025-12-22,2025-12-22,2025-12-22,2025-12-22,2025-12-22,2025-12-22,2025-12-22,2025-12-22,2025-12-22,2025-12-15,2025-12-15,2025-12-15,2025-12-15,2025-12-15,2025-12-15,2025-12-15,2025-12-15,2025-12-15,2025-12-15,2025-12-08,2025-12-08,2025-12-08,2025-12-08,2025-12-08,2025-12-08,2025-12-08,2025-12-08,2025-12-08,2025-12-08,2025-12-01,2025-12-01,2025-12-01,2025-12-01,2025-12-01,2025-12-01,2025-12-01,2025-12-01,2025-12-01,2025-12-01,2025-11-24,2025-11-24,2025-11-24,2025-11-24,2025-11-24,2025-11-24,2025-11-24,2025-11-24,2025-11-24,2025-11-24,2025-11-17,2025-11-17,2025-11-17,2025-11-17,2025-11-17,2025-11-17,2025-11-17,2025-11-17,2025-11-17,2025-11-17,2025-11-10,2025-11-10,2025-11-10,2025-11-10,2025-11-10,2025-11-10,2025-11-10,2025-11-10,2025-11-10,2025-11-10,2025-11-03,2025-11-03,2025-11-03,2025-11-03,2025-11-03,2025-11-03,2025-11-03,2025-11-03,2025-11-03,2025-11-03,2025-10-27,2025-10-27,2025-10-27,2025-10-27,2025-10-27,2025-10-27,2025-10-27,2025-10-27,2025-10-27,2025-10-27,2025-10-20,2025-10-20,2025-10-20,2025-10-20,2025-10-20,2025-10-20,2025-10-20,2025-10-20,2025-10-20,2025-10-20,2025-10-13,2025-10-13,2025-10-13,2025-10-13,2025-10-13,2025-10-13,2025-10-13,2025-10-13,2025-10-13,2025-10-13,2025-10-06,2025-10-06,2025-10-06,2025-10-06,2025-10-06,2025-10-06,2025-10-06,2025-10-06,2025-10-06,2025-10-06,2025-09-29,2025-09-29,2025-09-29,2025-09-29,2025-09-29,2025-09-29,2025-09-29,2025-09-29,2025-09-29,2025-09-29,2025-09-22,2025-09-22,2025-09-22,2025-09-22,2025-09-22,2025-09-22,2025-09-22,2025-09-22,2025-09-22,2025-09-22,2025-09-15,2025-09-15,2025-09-15,2025-09-15,2025-09-15,2025-09-15,2025-09-15,2025-09-15,2025-09-15,2025-09-15,2025-09-08,2025-09-08,2025-09-08,2025-09-08,2025-09-08,2025-09-08,2025-09-08,2025-09-08,2025-09-08,2025-09-08,2025-09-01,2025-09-01,2025-09-01,2025-09-01,2025-09-01,2025-09-01,2025-09-01,2025-09-01,2025-09-01,2025-09-01,2025-08-25,2025-08-25,2025-08-25,2025-08-25,2025-08-25,2025-08-25,2025-08-25,2025-08-25,2025-08-25,2025-08-25,2025-08-18,2025-08-18,2025-08-18,2025-08-18,2025-08-18,2025-08-18,2025-08-18,2025-08-18,2025-08-18,2025-08-18,2025-08-11,2025-08-11,2025-08-11,2025-08-11,2025-08-11,2025-08-11,2025-08-11,2025-08-11,2025-08-11,2025-08-11,2025-08-04,2025-08-04,2025-08-04,2025-08-04,2025-08-04,2025-08-04,2025-08-04,2025-08-04,2025-08-04,2025-08-04,2025-07-28,2025-07-28,2025-07-28,2025-07-28,2025-07-28,2025-07-28,2025-07-28,2025-07-28,2025-07-28,2025-07-28,2025-07-21,2025-07-21,2025-07-21,2025-07-21,2025-07-21,2025-07-21,2025-07-21,2025-07-21,2025-07-21,2025-07-21,2025-07-14,2025-07-14,2025-07-14,2025-07-14,2025-07-14,2025-07-14,2025-07-14,2025-07-14,2025-07-14,2025-07-14,2025-07-07,2025-07-07,2025-07-07,2025-07-07,2025-07-07,2025-07-07,2025-07-07,2025-07-07,2025-07-07,2025-07-07,2025-06-30,2025-06-30,2025-06-30,2025-06-30,2025-06-30,2025-06-30,2025-06-30,2025-06-30,2025-06-30,2025-06-30,2025-06-23,2025-06-23,2025-06-23,2025-06-23,2025-06-23,2025-06-23,2025-06-23,2025-06-23,2025-06-23,2025-06-23,2025-06-16,2025-06-16,2025-06-16,2025-06-16,2025-06-16,2025-06-16,2025-06-16,2025-06-16,2025-06-16,2025-06-16
Agent Username,Agent Routing Profile Name,Handled Calls,Transferred Calls,Total Agent Number of Holds,Avg Agent Customer Hold Duration Seconds,Avg Speed to Answer,Avg Agent Interaction Duration Seconds,Avg Agent After Contact Work Duration Seconds,%Contacts on Hold,%SL under 15sec,%transferred of handled,Handled Calls,Transferred Calls,Total Agent Number of Holds,Avg Agent Customer Hold Duration Seconds,Avg Speed to Answer,Avg Agent Interaction Duration Seconds,Avg Agent After Contact Work Duration Seconds,%Contacts on Hold,%SL under 15sec,%transferred of handled,Handled Calls,Transferred Calls,Total Agent Number of Holds,Avg Agent Customer Hold Duration Seconds,Avg Speed to Answer,Avg Agent Interaction Duration Seconds,Avg Agent After Contact Work Duration Seconds,%Contacts on Hold,%SL under 15sec,%transferred of handled,Handled Calls,Transferred Calls,Total Agent Number of Holds,Avg Agent Customer Hold Duration Seconds,Avg Speed to Answer,Avg Agent Interaction Duration Seconds,Avg Agent After Contact Work Duration Seconds,%Contacts on Hold,%SL under 15sec,%transferred of handled,Handled Calls,Transferred Calls,Total Agent Number of Holds,Avg Agent Customer Hold Duration Seconds,Avg Speed to Answer,Avg Agent Interaction Duration Seconds,Avg Agent After Contact Work Duration Seconds,%Contacts on Hold,%SL under 15sec,%transferred of handled,Handled Calls,Transferred Calls,Total Agent Number of Holds,Avg Agent Customer Hold Duration Seconds,Avg Speed to Answer,Avg Agent Interaction Duration Seconds,Avg Agent After Contact Work Duration Seconds,%Contacts on Hold,%SL under 15sec,%transferred of handled,Handled Calls,Transferred Calls,Total Agent Number of Holds,Avg Agent Customer Hold Duration Seconds,Avg Speed to Answer,Avg Agent Interaction Duration Seconds,Avg Agent After Contact Work Duration Seconds,%Contacts on Hold,%SL under 15sec,%transferred of handled,Handled Calls,Transferred Calls,Total Agent Number of Holds,Avg Agent Customer Hold Duration Seconds,Avg Speed to Answer,Avg Agent Interaction Duration Seconds,Avg Agent After Contact Work Duration Seconds,%Contacts on Hold,%SL under 15sec,%transferred of handled,Handled Calls,Transferred Calls,Total Agent Number of Holds,Avg Agent Customer Hold Duration Seconds,Avg Speed to Answer,Avg Agent Interaction Duration Seconds,Avg Agent After Contact Work Duration Seconds,%Contacts on Hold,%SL under 15sec,%transferred of handled,Handled Calls,Transferred Calls,Total Agent Number of Holds,Avg Agent Customer Hold Duration Seconds,Avg Speed to Answer,Avg Agent Interaction Duration Seconds,Avg Agent After Contact Work Duration Seconds,%Contacts on Hold,%SL under 15sec,%transferred of handled,Handled Calls,Transferred Calls,Total Agent Number of Holds,Avg Agent Customer Hold Duration Seconds,Avg Speed to Answer,Avg Agent Interaction Duration Seconds,Avg Agent After Contact Work Duration Seconds,%Contacts on Hold,%SL under 15sec,%transferred of handled,Handled Calls,Transferred Calls,Total Agent Number of Holds,Avg Agent Customer Hold Duration Seconds,Avg Speed to Answer,Avg Agent Interaction Duration Seconds,Avg Agent After Contact Work Duration Seconds,%Contacts on Hold,%SL under 15sec,%transferred of handled,Handled Calls,Transferred Calls,Total Agent Number of Holds,Avg Agent Customer Hold Duration Seconds,Avg Speed to Answer,Avg Agent Interaction Duration Seconds,Avg Agent After Contact Work Duration Seconds,%Contacts on Hold,%SL under 15sec,%transferred of handled,Handled Calls,Transferred Calls,Total Agent Number of Holds,Avg Agent Customer Hold Duration Seconds,Avg Speed to Answer,Avg Agent Interaction Duration Seconds,Avg Agent After Contact Work Duration Seconds,%Contacts on Hold,%SL under 15sec,%transferred of handled,Handled Calls,Transferred Calls,Total Agent Number of Holds,Avg Agent Customer Hold Duration Seconds,Avg Speed to Answer,Avg Agent Interaction Duration Seconds,Avg Agent After Contact Work Duration Seconds,%Contacts on Hold,%SL under 15sec,%transferred of handled,Handled Calls,Transferred Calls,Total Agent Number of Holds,Avg Agent Customer Hold Duration Seconds,Avg Speed to Answer,Avg Agent Interaction Duration Seconds,Avg Agent After Contact Work Duration Seconds,%Contacts on Hold,%SL under 15sec,%transferred of handled,Handled Calls,Transferred Calls,Total Agent Number of Holds,Avg Agent Customer Hold Duration Seconds,Avg Speed to Answer,Avg Agent Interaction Duration Seconds,Avg Agent After Contact Work Duration Seconds,%Contacts on Hold,%SL under 15sec,%transferred of handled,Handled Calls,Transferred Calls,Total Agent Number of Holds,Avg Agent Customer Hold Duration Seconds,Avg Speed to Answer,Avg Agent Interaction Duration Seconds,Avg Agent After Contact Work Duration Seconds,%Contacts on Hold,%SL under 15sec,%transferred of handled,Handled Calls,Transferred Calls,Total Agent Number of Holds,Avg Agent Customer Hold Duration Seconds,Avg Speed to Answer,Avg Agent Interaction Duration Seconds,Avg Agent After Contact Work Duration Seconds,%Contacts on Hold,%SL under 15sec,%transferred of handled,Handled Calls,Transferred Calls,Total Agent Number of Holds,Avg Agent Customer Hold Duration Seconds,Avg Speed to Answer,Avg Agent Interaction Duration Seconds,Avg Agent After Contact Work Duration Seconds,%Contacts on Hold,%SL under 15sec,%transferred of handled,Handled Calls,Transferred Calls,Total Agent Number of Holds,Avg Agent Customer Hold Duration Seconds,Avg Speed to Answer,Avg Agent Interaction Duration Seconds,Avg Agent After Contact Work Duration Seconds,%Contacts on Hold,%SL under 15sec,%transferred of handled,Handled Calls,Transferred Calls,Total Agent Number of Holds,Avg Agent Customer Hold Duration Seconds,Avg Speed to Answer,Avg Agent Interaction Duration Seconds,Avg Agent After Contact Work Duration Seconds,%Contacts on Hold,%SL under 15sec,%transferred of handled,Handled Calls,Transferred Calls,Total Agent Number of Holds,Avg Agent Customer Hold Duration Seconds,Avg Speed to Answer,Avg Agent Interaction Duration Seconds,Avg Agent After Contact Work Duration Seconds,%Contacts on Hold,%SL under 15sec,%transferred of handled,Handled Calls,Transferred Calls,Total Agent Number of Holds,Avg Agent Customer Hold Duration Seconds,Avg Speed to Answer,Avg Agent Interaction Duration Seconds,Avg Agent After Contact Work Duration Seconds,%Contacts on Hold,%SL under 15sec,%transferred of handled,Handled Calls,Transferred Calls,Total Agent Number of Holds,Avg Agent Customer Hold Duration Seconds,Avg Speed to Answer,Avg Agent Interaction Duration Seconds,Avg Agent After Contact Work Duration Seconds,%Contacts on Hold,%SL under 15sec,%transferred of handled,Handled Calls,Transferred Calls,Total Agent Number of Holds,Avg Agent Customer Hold Duration Seconds,Avg Speed to Answer,Avg Agent Interaction Duration Seconds,Avg Agent After Contact Work Duration Seconds,%Contacts on Hold,%SL under 15sec,%transferred of handled,Handled Calls,Transferred Calls,Total Agent Number of Holds,Avg Agent Customer Hold Duration Seconds,Avg Speed to Answer,Avg Agent Interaction Duration Seconds,Avg Agent After Contact Work Duration Seconds,%Contacts on Hold,%SL under 15sec,%transferred of handled,Handled Calls,Transferred Calls,Total Agent Number of Holds,Avg Agent Customer Hold Duration Seconds,Avg Speed to Answer,Avg Agent Interaction Duration Seconds,Avg Agent After Contact Work Duration Seconds,%Contacts on Hold,%SL under 15sec,%transferred of handled,Handled Calls,Transferred Calls,Total Agent Number of Holds,Avg Agent Customer Hold Duration Seconds,Avg Speed to Answer,Avg Agent Interaction Duration Seconds,Avg Agent After Contact Work Duration Seconds,%Contacts on Hold,%SL under 15sec,%transferred of handled,Handled Calls,Transferred Calls,Total Agent Number of Holds,Avg Agent Customer Hold Duration Seconds,Avg Speed to Answer,Avg Agent Interaction Duration Seconds,Avg Agent After Contact Work Duration Seconds,%Contacts on Hold,%SL under 15sec,%transferred of handled,Handled Calls,Transferred Calls,Total Agent Number of Holds,Avg Agent Customer Hold Duration Seconds,Avg Speed to Answer,Avg Agent Interaction Duration Seconds,Avg Agent After Contact Work Duration Seconds,%Contacts on Hold,%SL under 15sec,%transferred of handled,Handled Calls,Transferred Calls,Total Agent Number of Holds,Avg Agent Customer Hold Duration Seconds,Avg Speed to Answer,Avg Agent Interaction Duration Seconds,Avg Agent After Contact Work Duration Seconds,%Contacts on Hold,%SL under 15sec,%transferred of handled,Handled Calls,Transferred Calls,Total Agent Number of Holds,Avg Agent Customer Hold Duration Seconds,Avg Speed to Answer,Avg Agent Interaction Duration Seconds,Avg Agent After Contact Work Duration Seconds,%Contacts on Hold,%SL under 15sec,%transferred of handled,Handled Calls,Transferred Calls,Total Agent Number of Holds,Avg Agent Customer Hold Duration Seconds,Avg Speed to Answer,Avg Agent Interaction Duration Seconds,Avg Agent After Contact Work Duration Seconds,%Contacts on Hold,%SL under 15sec,%transferred of handled,Handled Calls,Transferred Calls,Total Agent Number of Holds,Avg Agent Customer Hold Duration Seconds,Avg Speed to Answer,Avg Agent Interaction Duration Seconds,Avg Agent After Contact Work Duration Seconds,%Contacts on Hold,%SL under 15sec,%transferred of handled,Handled Calls,Transferred Calls,Total Agent Number of Holds,Avg Agent Customer Hold Duration Seconds,Avg Speed to Answer,Avg Agent Interaction Duration Seconds,Avg Agent After Contact Work Duration Seconds,%Contacts on Hold,%SL under 15sec,%transferred of handled,Handled Calls,Transferred Calls,Total Agent Number of Holds,Avg Agent Customer Hold Duration Seconds,Avg Speed to Answer,Avg Agent Interaction Duration Seconds,Avg Agent After Contact Work Duration Seconds,%Contacts on Hold,%SL under 15sec,%transferred of handled,Handled Calls,Transferred Calls,Total Agent Number of Holds,Avg Agent Customer Hold Duration Seconds,Avg Speed to Answer,Avg Agent Interaction Duration Seconds,Avg Agent After Contact Work Duration Seconds,%Contacts on Hold,%SL under 15sec,%transferred of handled,Handled Calls,Transferred Calls,Total Agent Number of Holds,Avg Agent Customer Hold Duration Seconds,Avg Speed to Answer,Avg Agent Interaction Duration Seconds,Avg Agent After Contact Work Duration Seconds,%Contacts on Hold,%SL under 15sec,%transferred of handled,Handled Calls,Transferred Calls,Total Agent Number of Holds,Avg Agent Customer Hold Duration Seconds,Avg Speed to Answer,Avg Agent Interaction Duration Seconds,Avg Agent After Contact Work Duration Seconds,%Contacts on Hold,%SL under 15sec,%transferred of handled,Handled Calls,Transferred Calls,Total Agent Number of Holds,Avg Agent Customer Hold Duration Seconds,Avg Speed to Answer,Avg Agent Interaction Duration Seconds,Avg Agent After Contact Work Duration Seconds,%Contacts on Hold,%SL under 15sec,%transferred of handled,Handled Calls,Transferred Calls,Total Agent Number of Holds,Avg Agent Customer Hold Duration Seconds,Avg Speed to Answer,Avg Agent Interaction Duration Seconds,Avg Agent After Contact Work Duration Seconds,%Contacts on Hold,%SL under 15sec,%transferred of handled,Handled Calls,Transferred Calls,Total Agent Number of Holds,Avg Agent Customer Hold Duration Seconds,Avg Speed to Answer,Avg Agent Interaction Duration Seconds,Avg Agent After Contact Work Duration Seconds,%Contacts on Hold,%SL under 15sec,%transferred of handled,Handled Calls,Transferred Calls,Total Agent Number of Holds,Avg Agent Customer Hold Duration Seconds,Avg Speed to Answer,Avg Agent Interaction Duration Seconds,Avg Agent After Contact Work Duration Seconds,%Contacts on Hold,%SL under 15sec,%transferred of handled,Handled Calls,Transferred Calls,Total Agent Number of Holds,Avg Agent Customer Hold Duration Seconds,Avg Speed to Answer,Avg Agent Interaction Duration Seconds,Avg Agent After Contact Work Duration Seconds,%Contacts on Hold,%SL under 15sec,%transferred of handled,Handled Calls,Transferred Calls,Total Agent Number of Holds,Avg Agent Customer Hold Duration Seconds,Avg Speed to Answer,Avg Agent Interaction Duration Seconds,Avg Agent After Contact Work Duration Seconds,%Contacts on Hold,%SL under 15sec,%transferred of handled,Handled Calls,Transferred Calls,Total Agent Number of Holds,Avg Agent Customer Hold Duration Seconds,Avg Speed to Answer,Avg Agent Interaction Duration Seconds,Avg Agent After Contact Work Duration Seconds,%Contacts on Hold,%SL under 15sec,%transferred of handled,Handled Calls,Transferred Calls,Total Agent Number of Holds,Avg Agent Customer Hold Duration Seconds,Avg Speed to Answer,Avg Agent Interaction Duration Seconds,Avg Agent After Contact Work Duration Seconds,%Contacts on Hold,%SL under 15sec,%transferred of handled
haziel.toriz@slice.com,ES-17-SENIOR,492,10,51,5.9,1.8,105.45,16.95,10.37%,99.0%,2.0%,516,11,57,7.5,1.7,110.96,16.81,11.05%,99.0%,2.1%,,,,,,,,,,,,,,,,,,,,,,,,,,,,,,,,,,,,,,,,,,,,,,,,,,,,,,,,,,,,,,,,,,,,,,,,,,,,,,,,,,,,,,,,,,,,,,,,,,,,,,,,,,,,,,,,,,,,,,,,,,,,,,,,,,,,,,,,,,,,,,,,,,,,,,,,,,,,,,,,,,,,,,,,,,,,,,,,,,,,,,,,,,,,,,,,,,,,,,,,,,,,,,,,,,,,,,,,,,,,,,,,,,,,,,,,,,,,,,,,,,,,,,,,,,,,,,,,,,,,,,,,,,,,,,,,,,,,,,,,,,,,,,,,,,,,,,,,,,,,,,,,,,,,,,,,,,,,,,,,,,,,,,,,,,,,,,,,,,,,,,,,,,,,,,,,,,,,,,,,,,,,,,,,,,,,,,,,,,,,,,,,,,,,,,,,,,,,,,,,,,,,,,,,,,,,,,,,,,,,,,,,,,,,,,,,,,,,,,,,,,,,,,,,,,,,,,,,,,,,
manuel.garcia@slice.com,ES-16-STANDARD,440,11,76,13.2,3.0,124.94,29.37,17.27%,97.0%,2.5%,430,13,72,13.3,2.3,118.17,34.79,16.74%,99.1%,3.0%,513,22,93,12.5,2.3,121.33,31.83,18.13%,98.4%,4.3%,500,18,84,10.1,2.6,141.27,35.78,16.80%,97.8%,3.6%,,,,,,,,,,,,,,,,,,,,,,,,,,,,,,,,,,,,,,,,,,,,,,,,,,,,,,,,,,,,,,,,,,,,,,,,,,,,,,,,,,,,,,,,,,,,,,,,,,,,,,,,,,,,,,,,,,,,,,,,,,,,,,,,,,,,,,,,,,,,,,,,,,,,,,,,,,,,,,,,,,,,,,,,,,,,,,,,,,,,,,,,,,,,,,,,,,,,,,,,,,,,,,,,,,,,,,,,,,,,,,,,,,,,,,,,,,,,,,,,,,,,,,,,,,,,,,,,,,,,,,,,,,,,,,,,,,,,,,,,,,,,,,,,,,,,,,,,,,,,,,,,,,,,,,,,,,,,,,,,,,,,,,,,,,,,,,,,,,,,,,,,,,,,,,,,,,,,,,,,,,,,,,,,,,,,,,,,,,,,,,,,,,,,,,,,,,,,,,,,,,,,,,,,,,,,,,,,,,,,,,,,,,,,,,,,,,,,,,,,
ernesto.gastelum@slice.com,ES-16-STANDARD,337,18,60,14.4,3.0,99.41,45.61,17.80%,97.6%,5.3%,430,13,69,16.7,2.4,125.75,53.58,16.05%,98.6%,3.0%,513,10,68,13.6,2.6,115.56,48.62,13.26%,97.9%,1.9%,480,14,96,20.0,4.4,121.25,52.46,20.00%,98.3%,2.9%,,,,,,,,,,,,,,,,,,,,,,,,,,,,,,,,,,,,,,,,,,,,,,,,,,,,,,,,,,,,,,,,,,,,,,,,,,,,,,,,,,,,,,,,,,,,,,,,,,,,,,,,,,,,,,,,,,,,,,,,,,,,,,,,,,,,,,,,,,,,,,,,,,,,,,,,,,,,,,,,,,,,,,,,,,,,,,,,,,,,,,,,,,,,,,,,,,,,,,,,,,,,,,,,,,,,,,,,,,,,,,,,,,,,,,,,,,,,,,,,,,,,,,,,,,,,,,,,,,,,,,,,,,,,,,,,,,,,,,,,,,,,,,,,,,,,,,,,,,,,,,,,,,,,,,,,,,,,,,,,,,,,,,,,,,,,,,,,,,,,,,,,,,,,,,,,,,,,,,,,,,,,,,,,,,,,,,,,,,,,,,,,,,,,,,,,,,,,,,,,,,,,,,,,,,,,,,,,,,,,,,,,,,,,,,,,,,,,,,,,
donaldo.marquez@slice.com,ES-12-STANDARD,334,12,46,12.6,3.3,100.15,40.95,13.77%,99.4%,3.6%,400,26,65,10.0,2.0,124.19,48.14,16.25%,99.3%,6.5%,275,14,45,10.3,2.1,142.73,56.15,16.36%,99.3%,5.1%,329,19,51,12.1,3.4,152.02,54.71,15.50%,98.5%,5.8%,,,,,,,,,,,,,,,,,,,,,,,,,,,,,,,,,,,,,,,,,,,,,,,,,,,,,,,,,,,,,,,,,,,,,,,,,,,,,,,,,,,,,,,,,,,,,,,,,,,,,,,,,,,,,,,,,,,,,,,,,,,,,,,,,,,,,,,,,,,,,,,,,,,,,,,,,,,,,,,,,,,,,,,,,,,,,,,,,,,,,,,,,,,,,,,,,,,,,,,,,,,,,,,,,,,,,,,,,,,,,,,,,,,,,,,,,,,,,,,,,,,,,,,,,,,,,,,,,,,,,,,,,,,,,,,,,,,,,,,,,,,,,,,,,,,,,,,,,,,,,,,,,,,,,,,,,,,,,,,,,,,,,,,,,,,,,,,,,,,,,,,,,,,,,,,,,,,,,,,,,,,,,,,,,,,,,,,,,,,,,,,,,,,,,,,,,,,,,,,,,,,,,,,,,,,,,,,,,,,,,,,,,,,,,,,,,,,,,,,,
carlos.montes@slice.com,ES-17-STANDARD,327,24,53,8.8,3.0,115.43,50.61,16.21%,96.6%,7.3%,290,31,46,6.2,2.6,121.03,44.07,15.86%,98.3%,10.7%,,,,,,,,,,,,,,,,,,,,,,,,,,,,,,,,,,,,,,,,,,,,,,,,,,,,,,,,,,,,,,,,,,,,,,,,,,,,,,,,,,,,,,,,,,,,,,,,,,,,,,,,,,,,,,,,,,,,,,,,,,,,,,,,,,,,,,,,,,,,,,,,,,,,,,,,,,,,,,,,,,,,,,,,,,,,,,,,,,,,,,,,,,,,,,,,,,,,,,,,,,,,,,,,,,,,,,,,,,,,,,,,,,,,,,,,,,,,,,,,,,,,,,,,,,,,,,,,,,,,,,,,,,,,,,,,,,,,,,,,,,,,,,,,,,,,,,,,,,,,,,,,,,,,,,,,,,,,,,,,,,,,,,,,,,,,,,,,,,,,,,,,,,,,,,,,,,,,,,,,,,,,,,,,,,,,,,,,,,,,,,,,,,,,,,,,,,,,,,,,,,,,,,,,,,,,,,,,,,,,,,,,,,,,,,,,,,,,,,,,,,,,,,,,,,,,,,,,,,,,
hugo.covarrubias@slice.com,ES-17-SENIOR,323,40,86,12.2,2.0,103.37,84.54,26.63%,98.5%,12.4%,370,36,96,12.4,1.9,120.09,84.02,25.95%,98.6%,9.7%,,,,,,,,,,,,,,,,,,,,,,,,,,,,,,,,,,,,,,,,,,,,,,,,,,,,,,,,,,,,,,,,,,,,,,,,,,,,,,,,,,,,,,,,,,,,,,,,,,,,,,,,,,,,,,,,,,,,,,,,,,,,,,,,,,,,,,,,,,,,,,,,,,,,,,,,,,,,,,,,,,,,,,,,,,,,,,,,,,,,,,,,,,,,,,,,,,,,,,,,,,,,,,,,,,,,,,,,,,,,,,,,,,,,,,,,,,,,,,,,,,,,,,,,,,,,,,,,,,,,,,,,,,,,,,,,,,,,,,,,,,,,,,,,,,,,,,,,,,,,,,,,,,,,,,,,,,,,,,,,,,,,,,,,,,,,,,,,,,,,,,,,,,,,,,,,,,,,,,,,,,,,,,,,,,,,,,,,,,,,,,,,,,,,,,,,,,,,,,,,,,,,,,,,,,,,,,,,,,,,,,,,,,,,,,,,,,,,,,,,,,,,,,,,,,,,,,,,,,,,
yosseline.solis@slice.com,ES-17-STANDARD,310,10,73,20.3,3.3,110.97,103.06,23.55%,97.4%,3.2%,334,12,73,19.7,3.2,129.74,109.13,21.86%,98.2%,3.6%,,,,,,,,,,,,,,,,,,,,,,,,,,,,,,,,,,,,,,,,,,,,,,,,,,,,,,,,,,,,,,,,,,,,,,,,,,,,,,,,,,,,,,,,,,,,,,,,,,,,,,,,,,,,,,,,,,,,,,,,,,,,,,,,,,,,,,,,,,,,,,,,,,,,,,,,,,,,,,,,,,,,,,,,,,,,,,,,,,,,,,,,,,,,,,,,,,,,,,,,,,,,,,,,,,,,,,,,,,,,,,,,,,,,,,,,,,,,,,,,,,,,,,,,,,,,,,,,,,,,,,,,,,,,,,,,,,,,,,,,,,,,,,,,,,,,,,,,,,,,,,,,,,,,,,,,,,,,,,,,,,,,,,,,,,,,,,,,,,,,,,,,,,,,,,,,,,,,,,,,,,,,,,,,,,,,,,,,,,,,,,,,,,,,,,,,,,,,,,,,,,,,,,,,,,,,,,,,,,,,,,,,,,,,,,,,,,,,,,,,,,,,,,,,,,,,,,,,,,,,
oscar.gonzalez@slice.com,ES-12-STANDARD,302,8,29,6.0,2.9,106.72,66.02,9.60%,98.7%,2.6%,331,10,27,6.6,2.8,132.56,57.97,8.16%,97.9%,3.0%,424,24,46,6.2,2.0,110.68,43.22,10.85%,99.5%,5.7%,345,10,22,4.5,2.7,118.13,42.38,6.38%,97.7%,2.9%,,,,,,,,,,,,,,,,,,,,,,,,,,,,,,,,,,,,,,,,,,,,,,,,,,,,,,,,,,,,,,,,,,,,,,,,,,,,,,,,,,,,,,,,,,,,,,,,,,,,,,,,,,,,,,,,,,,,,,,,,,,,,,,,,,,,,,,,,,,,,,,,,,,,,,,,,,,,,,,,,,,,,,,,,,,,,,,,,,,,,,,,,,,,,,,,,,,,,,,,,,,,,,,,,,,,,,,,,,,,,,,,,,,,,,,,,,,,,,,,,,,,,,,,,,,,,,,,,,,,,,,,,,,,,,,,,,,,,,,,,,,,,,,,,,,,,,,,,,,,,,,,,,,,,,,,,,,,,,,,,,,,,,,,,,,,,,,,,,,,,,,,,,,,,,,,,,,,,,,,,,,,,,,,,,,,,,,,,,,,,,,,,,,,,,,,,,,,,,,,,,,,,,,,,,,,,,,,,,,,,,,,,,,,,,,,,,,,,,,,
beatriz.gutierrez@slice.com,ES-12-JUNIOR,278,10,69,13.4,1.6,121.19,72.96,24.82%,100.0%,3.6%,322,10,54,7.1,1.7,123.35,58.19,16.77%,99.7%,3.1%,186,4,30,9.0,1.6,134.72,87.76,16.13%,100.0%,2.2%,,,,,,,,,,,,,,,,,,,,,,,,,,,,,,,,,,,,,,,,,,,,,,,,,,,,,,,,,,,,,,,,,,,,,,,,,,,,,,,,,,,,,,,,,,,,,,,,,,,,,,,,,,,,,,,,,,,,,,,,,,,,,,,,,,,,,,,,,,,,,,,,,,,,,,,,,,,,,,,,,,,,,,,,,,,,,,,,,,,,,,,,,,,,,,,,,,,,,,,,,,,,,,,,,,,,,,,,,,,,,,,,,,,,,,,,,,,,,,,,,,,,,,,,,,,,,,,,,,,,,,,,,,,,,,,,,,,,,,,,,,,,,,,,,,,,,,,,,,,,,,,,,,,,,,,,,,,,,,,,,,,,,,,,,,,,,,,,,,,,,,,,,,,,,,,,,,,,,,,,,,,,,,,,,,,,,,,,,,,,,,,,,,,,,,,,,,,,,,,,,,,,,,,,,,,,,,,,,,,,,,,,,,,,,,,,,,,,,,,,,,,,,,,,,,
carlos.soriano@slice.com,ES-16-STANDARD,278,10,66,15.8,2.8,126.59,90.80,23.74%,98.6%,3.6%,275,9,58,15.0,2.7,136.21,115.89,21.09%,98.2%,3.3%,377,13,88,16.0,2.4,129.05,65.96,23.34%,99.2%,3.4%,438,9,82,14.1,3.2,129.72,81.20,18.72%,97.5%,2.1%,,,,,,,,,,,,,,,,,,,,,,,,,,,,,,,,,,,,,,,,,,,,,,,,,,,,,,,,,,,,,,,,,,,,,,,,,,,,,,,,,,,,,,,,,,,,,,,,,,,,,,,,,,,,,,,,,,,,,,,,,,,,,,,,,,,,,,,,,,,,,,,,,,,,,,,,,,,,,,,,,,,,,,,,,,,,,,,,,,,,,,,,,,,,,,,,,,,,,,,,,,,,,,,,,,,,,,,,,,,,,,,,,,,,,,,,,,,,,,,,,,,,,,,,,,,,,,,,,,,,,,,,,,,,,,,,,,,,,,,,,,,,,,,,,,,,,,,,,,,,,,,,,,,,,,,,,,,,,,,,,,,,,,,,,,,,,,,,,,,,,,,,,,,,,,,,,,,,,,,,,,,,,,,,,,,,,,,,,,,,,,,,,,,,,,,,,,,,,,,,,,,,,,,,,,,,,,,,,,,,,,,,,,,,,,,,,,,,,,,,
fernando.mejia@slice.com,ES-17-STANDARD,269,13,74,25.7,4.4,143.59,35.52,27.51%,94.1%,4.8%,265,15,53,13.2,2.2,153.62,37.65,20.00%,98.9%,5.7%,,,,,,,,,,,,,,,,,,,,,,,,,,,,,,,,,,,,,,,,,,,,,,,,,,,,,,,,,,,,,,,,,,,,,,,,,,,,,,,,,,,,,,,,,,,,,,,,,,,,,,,,,,,,,,,,,,,,,,,,,,,,,,,,,,,,,,,,,,,,,,,,,,,,,,,,,,,,,,,,,,,,,,,,,,,,,,,,,,,,,,,,,,,,,,,,,,,,,,,,,,,,,,,,,,,,,,,,,,,,,,,,,,,,,,,,,,,,,,,,,,,,,,,,,,,,,,,,,,,,,,,,,,,,,,,,,,,,,,,,,,,,,,,,,,,,,,,,,,,,,,,,,,,,,,,,,,,,,,,,,,,,,,,,,,,,,,,,,,,,,,,,,,,,,,,,,,,,,,,,,,,,,,,,,,,,,,,,,,,,,,,,,,,,,,,,,,,,,,,,,,,,,,,,,,,,,,,,,,,,,,,,,,,,,,,,,,,,,,,,,,,,,,,,,,,,,,,,,,,,
javier.villa@slice.com,ES-12-SENIOR,261,10,55,20.5,2.1,111.66,87.89,21.07%,98.9%,3.8%,257,9,34,10.9,1.9,119.49,95.40,13.23%,99.6%,3.5%,,,,,,,,,,,,,,,,,,,,,,,,,,,,,,,,,,,,,,,,,,,,,,,,,,,,,,,,,,,,,,,,,,,,,,,,,,,,,,,,,,,,,,,,,,,,,,,,,,,,,,,,,,,,,,,,,,,,,,,,,,,,,,,,,,,,,,,,,,,,,,,,,,,,,,,,,,,,,,,,,,,,,,,,,,,,,,,,,,,,,,,,,,,,,,,,,,,,,,,,,,,,,,,,,,,,,,,,,,,,,,,,,,,,,,,,,,,,,,,,,,,,,,,,,,,,,,,,,,,,,,,,,,,,,,,,,,,,,,,,,,,,,,,,,,,,,,,,,,,,,,,,,,,,,,,,,,,,,,,,,,,,,,,,,,,,,,,,,,,,,,,,,,,,,,,,,,,,,,,,,,,,,,,,,,,,,,,,,,,,,,,,,,,,,,,,,,,,,,,,,,,,,,,,,,,,,,,,,,,,,,,,,,,,,,,,,,,,,,,,,,,,,,,,,,,,,,,,,,,,
paulo.aragon@slice.com,ES-16-STANDARD,259,9,34,10.1,3.4,119.65,26.99,13.13%,95.0%,3.5%,418,15,79,16.7,3.4,126.27,26.74,18.90%,97.4%,3.6%,350,11,66,17.4,2.5,127.58,28.21,18.86%,98.0%,3.1%,120,1,11,10.4,2.5,107.16,26.43,9.17%,98.3%,0.8%,,,,,,,,,,,,,,,,,,,,,,,,,,,,,,,,,,,,,,,,,,,,,,,,,,,,,,,,,,,,,,,,,,,,,,,,,,,,,,,,,,,,,,,,,,,,,,,,,,,,,,,,,,,,,,,,,,,,,,,,,,,,,,,,,,,,,,,,,,,,,,,,,,,,,,,,,,,,,,,,,,,,,,,,,,,,,,,,,,,,,,,,,,,,,,,,,,,,,,,,,,,,,,,,,,,,,,,,,,,,,,,,,,,,,,,,,,,,,,,,,,,,,,,,,,,,,,,,,,,,,,,,,,,,,,,,,,,,,,,,,,,,,,,,,,,,,,,,,,,,,,,,,,,,,,,,,,,,,,,,,,,,,,,,,,,,,,,,,,,,,,,,,,,,,,,,,,,,,,,,,,,,,,,,,,,,,,,,,,,,,,,,,,,,,,,,,,,,,,,,,,,,,,,,,,,,,,,,,,,,,,,,,,,,,,,,,,,,,,,,
daniel.serrano@slice.com,ES-17-STANDARD,243,3,14,5.1,3.6,111.65,117.30,5.76%,96.7%,1.2%,277,5,15,3.6,2.9,120.17,114.28,5.42%,97.8%,1.8%,,,,,,,,,,,,,,,,,,,,,,,,,,,,,,,,,,,,,,,,,,,,,,,,,,,,,,,,,,,,,,,,,,,,,,,,,,,,,,,,,,,,,,,,,,,,,,,,,,,,,,,,,,,,,,,,,,,,,,,,,,,,,,,,,,,,,,,,,,,,,,,,,,,,,,,,,,,,,,,,,,,,,,,,,,,,,,,,,,,,,,,,,,,,,,,,,,,,,,,,,,,,,,,,,,,,,,,,,,,,,,,,,,,,,,,,,,,,,,,,,,,,,,,,,,,,,,,,,,,,,,,,,,,,,,,,,,,,,,,,,,,,,,,,,,,,,,,,,,,,,,,,,,,,,,,,,,,,,,,,,,,,,,,,,,,,,,,,,,,,,,,,,,,,,,,,,,,,,,,,,,,,,,,,,,,,,,,,,,,,,,,,,,,,,,,,,,,,,,,,,,,,,,,,,,,,,,,,,,,,,,,,,,,,,,,,,,,,,,,,,,,,,,,,,,,,,,,,,,,,
mayra.reyes@slice.com,ES-17-STANDARD,227,1,40,17.2,2.4,117.57,57.46,17.62%,98.7%,0.4%,281,15,58,13.7,2.9,137.10,55.91,20.64%,98.9%,5.3%,,,,,,,,,,,,,,,,,,,,,,,,,,,,,,,,,,,,,,,,,,,,,,,,,,,,,,,,,,,,,,,,,,,,,,,,,,,,,,,,,,,,,,,,,,,,,,,,,,,,,,,,,,,,,,,,,,,,,,,,,,,,,,,,,,,,,,,,,,,,,,,,,,,,,,,,,,,,,,,,,,,,,,,,,,,,,,,,,,,,,,,,,,,,,,,,,,,,,,,,,,,,,,,,,,,,,,,,,,,,,,,,,,,,,,,,,,,,,,,,,,,,,,,,,,,,,,,,,,,,,,,,,,,,,,,,,,,,,,,,,,,,,,,,,,,,,,,,,,,,,,,,,,,,,,,,,,,,,,,,,,,,,,,,,,,,,,,,,,,,,,,,,,,,,,,,,,,,,,,,,,,,,,,,,,,,,,,,,,,,,,,,,,,,,,,,,,,,,,,,,,,,,,,,,,,,,,,,,,,,,,,,,,,,,,,,,,,,,,,,,,,,,,,,,,,,,,,,,,,,
elena.quinones@slice.com,ES-12-JUNIOR,218,26,48,16.8,1.8,92.65,45.07,22.02%,99.5%,11.9%,211,14,29,9.1,1.7,99.35,68.79,13.74%,100.0%,6.6%,191,24,58,23.8,1.7,119.73,75.24,30.37%,99.5%,12.6%,,,,,,,,,,,,,,,,,,,,,,,,,,,,,,,,,,,,,,,,,,,,,,,,,,,,,,,,,,,,,,,,,,,,,,,,,,,,,,,,,,,,,,,,,,,,,,,,,,,,,,,,,,,,,,,,,,,,,,,,,,,,,,,,,,,,,,,,,,,,,,,,,,,,,,,,,,,,,,,,,,,,,,,,,,,,,,,,,,,,,,,,,,,,,,,,,,,,,,,,,,,,,,,,,,,,,,,,,,,,,,,,,,,,,,,,,,,,,,,,,,,,,,,,,,,,,,,,,,,,,,,,,,,,,,,,,,,,,,,,,,,,,,,,,,,,,,,,,,,,,,,,,,,,,,,,,,,,,,,,,,,,,,,,,,,,,,,,,,,,,,,,,,,,,,,,,,,,,,,,,,,,,,,,,,,,,,,,,,,,,,,,,,,,,,,,,,,,,,,,,,,,,,,,,,,,,,,,,,,,,,,,,,,,,,,,,,,,,,,,,,,,,,,,,,
victor.rodriguez@slice.com,ES-12-JUNIOR,215,0,32,10.6,2.2,145.39,111.35,14.88%,99.5%,0.0%,195,3,38,13.9,2.0,169.56,121.31,19.49%,99.5%,1.5%,224,1,48,13.5,2.0,156.04,120.41,21.43%,99.6%,0.4%,239,3,38,8.5,1.9,147.28,110.02,15.90%,99.2%,1.3%,,,,,,,,,,,,,,,,,,,,,,,,,,,,,,,,,,,,,,,,,,,,,,,,,,,,,,,,,,,,,,,,,,,,,,,,,,,,,,,,,,,,,,,,,,,,,,,,,,,,,,,,,,,,,,,,,,,,,,,,,,,,,,,,,,,,,,,,,,,,,,,,,,,,,,,,,,,,,,,,,,,,,,,,,,,,,,,,,,,,,,,,,,,,,,,,,,,,,,,,,,,,,,,,,,,,,,,,,,,,,,,,,,,,,,,,,,,,,,,,,,,,,,,,,,,,,,,,,,,,,,,,,,,,,,,,,,,,,,,,,,,,,,,,,,,,,,,,,,,,,,,,,,,,,,,,,,,,,,,,,,,,,,,,,,,,,,,,,,,,,,,,,,,,,,,,,,,,,,,,,,,,,,,,,,,,,,,,,,,,,,,,,,,,,,,,,,,,,,,,,,,,,,,,,,,,,,,,,,,,,,,,,,,,,,,,,,,,,,,,
juan.garcia@slice.com,ES-16-STANDARD,214,8,40,14.9,2.2,122.04,56.14,18.69%,98.1%,3.7%,168,10,45,23.6,6.6,152.35,63.53,26.79%,99.4%,6.0%,,,,,,,,,,,,,,,,,,,,,,,,,,,,,,,,,,,,,,,,,,,,,,,,,,,,,,,,,,,,,,,,,,,,,,,,,,,,,,,,,,,,,,,,,,,,,,,,,,,,,,,,,,,,,,,,,,,,,,,,,,,,,,,,,,,,,,,,,,,,,,,,,,,,,,,,,,,,,,,,,,,,,,,,,,,,,,,,,,,,,,,,,,,,,,,,,,,,,,,,,,,,,,,,,,,,,,,,,,,,,,,,,,,,,,,,,,,,,,,,,,,,,,,,,,,,,,,,,,,,,,,,,,,,,,,,,,,,,,,,,,,,,,,,,,,,,,,,,,,,,,,,,,,,,,,,,,,,,,,,,,,,,,,,,,,,,,,,,,,,,,,,,,,,,,,,,,,,,,,,,,,,,,,,,,,,,,,,,,,,,,,,,,,,,,,,,,,,,,,,,,,,,,,,,,,,,,,,,,,,,,,,,,,,,,,,,,,,,,,,,,,,,,,,,,,,,,,,,,,,
consuelo.casas@slice.com,ES-16-STANDARD,205,7,66,25.5,4.1,164.17,59.33,32.20%,93.2%,3.4%,200,3,73,25.9,3.7,214.03,71.61,36.50%,99.0%,1.5%,,,,,,,,,,,,,,,,,,,,,,,,,,,,,,,,,,,,,,,,,,,,,,,,,,,,,,,,,,,,,,,,,,,,,,,,,,,,,,,,,,,,,,,,,,,,,,,,,,,,,,,,,,,,,,,,,,,,,,,,,,,,,,,,,,,,,,,,,,,,,,,,,,,,,,,,,,,,,,,,,,,,,,,,,,,,,,,,,,,,,,,,,,,,,,,,,,,,,,,,,,,,,,,,,,,,,,,,,,,,,,,,,,,,,,,,,,,,,,,,,,,,,,,,,,,,,,,,,,,,,,,,,,,,,,,,,,,,,,,,,,,,,,,,,,,,,,,,,,,,,,,,,,,,,,,,,,,,,,,,,,,,,,,,,,,,,,,,,,,,,,,,,,,,,,,,,,,,,,,,,,,,,,,,,,,,,,,,,,,,,,,,,,,,,,,,,,,,,,,,,,,,,,,,,,,,,,,,,,,,,,,,,,,,,,,,,,,,,,,,,,,,,,,,,,,,,,,,,,,,
oslyn.whizar@slice.com,ES-16-STANDARD,203,15,51,19.7,2.4,129.02,56.86,25.12%,98.0%,7.4%,138,2,40,15.6,4.5,174.21,63.33,28.99%,97.1%,1.4%,,,,,,,,,,,,,,,,,,,,,,,,,,,,,,,,,,,,,,,,,,,,,,,,,,,,,,,,,,,,,,,,,,,,,,,,,,,,,,,,,,,,,,,,,,,,,,,,,,,,,,,,,,,,,,,,,,,,,,,,,,,,,,,,,,,,,,,,,,,,,,,,,,,,,,,,,,,,,,,,,,,,,,,,,,,,,,,,,,,,,,,,,,,,,,,,,,,,,,,,,,,,,,,,,,,,,,,,,,,,,,,,,,,,,,,,,,,,,,,,,,,,,,,,,,,,,,,,,,,,,,,,,,,,,,,,,,,,,,,,,,,,,,,,,,,,,,,,,,,,,,,,,,,,,,,,,,,,,,,,,,,,,,,,,,,,,,,,,,,,,,,,,,,,,,,,,,,,,,,,,,,,,,,,,,,,,,,,,,,,,,,,,,,,,,,,,,,,,,,,,,,,,,,,,,,,,,,,,,,,,,,,,,,,,,,,,,,,,,,,,,,,,,,,,,,,,,,,,,,,
nayeli.novoa@slice.com,ES-16-SENIOR,202,16,43,16.7,2.2,88.20,106.84,21.29%,98.0%,7.9%,190,8,38,13.2,1.8,81.64,113.00,20.00%,98.9%,4.2%,237,17,42,12.9,1.7,79.47,97.79,17.72%,99.2%,7.2%,70,1,8,8.7,2.1,94.14,148.26,11.43%,98.6%,1.4%,,,,,,,,,,,,,,,,,,,,,,,,,,,,,,,,,,,,,,,,,,,,,,,,,,,,,,,,,,,,,,,,,,,,,,,,,,,,,,,,,,,,,,,,,,,,,,,,,,,,,,,,,,,,,,,,,,,,,,,,,,,,,,,,,,,,,,,,,,,,,,,,,,,,,,,,,,,,,,,,,,,,,,,,,,,,,,,,,,,,,,,,,,,,,,,,,,,,,,,,,,,,,,,,,,,,,,,,,,,,,,,,,,,,,,,,,,,,,,,,,,,,,,,,,,,,,,,,,,,,,,,,,,,,,,,,,,,,,,,,,,,,,,,,,,,,,,,,,,,,,,,,,,,,,,,,,,,,,,,,,,,,,,,,,,,,,,,,,,,,,,,,,,,,,,,,,,,,,,,,,,,,,,,,,,,,,,,,,,,,,,,,,,,,,,,,,,,,,,,,,,,,,,,,,,,,,,,,,,,,,,,,,,,,,,,,,,,,,,,,
patricia.balderas@slice.com,ES-17-STANDARD,191,5,81,24.4,2.2,116.98,67.18,42.41%,99.5%,2.6%,158,5,68,27.6,5.7,106.57,80.58,43.04%,99.4%,3.2%,,,,,,,,,,,,,,,,,,,,,,,,,,,,,,,,,,,,,,,,,,,,,,,,,,,,,,,,,,,,,,,,,,,,,,,,,,,,,,,,,,,,,,,,,,,,,,,,,,,,,,,,,,,,,,,,,,,,,,,,,,,,,,,,,,,,,,,,,,,,,,,,,,,,,,,,,,,,,,,,,,,,,,,,,,,,,,,,,,,,,,,,,,,,,,,,,,,,,,,,,,,,,,,,,,,,,,,,,,,,,,,,,,,,,,,,,,,,,,,,,,,,,,,,,,,,,,,,,,,,,,,,,,,,,,,,,,,,,,,,,,,,,,,,,,,,,,,,,,,,,,,,,,,,,,,,,,,,,,,,,,,,,,,,,,,,,,,,,,,,,,,,,,,,,,,,,,,,,,,,,,,,,,,,,,,,,,,,,,,,,,,,,,,,,,,,,,,,,,,,,,,,,,,,,,,,,,,,,,,,,,,,,,,,,,,,,,,,,,,,,,,,,,,,,,,,,,,,,,,,
carlos.r@slice.com,ES-17-STANDARD,184,6,56,20.7,2.4,124.33,89.24,30.43%,98.9%,3.3%,164,7,79,38.8,4.2,148.05,92.09,48.17%,100.0%,4.3%,,,,,,,,,,,,,,,,,,,,,,,,,,,,,,,,,,,,,,,,,,,,,,,,,,,,,,,,,,,,,,,,,,,,,,,,,,,,,,,,,,,,,,,,,,,,,,,,,,,,,,,,,,,,,,,,,,,,,,,,,,,,,,,,,,,,,,,,,,,,,,,,,,,,,,,,,,,,,,,,,,,,,,,,,,,,,,,,,,,,,,,,,,,,,,,,,,,,,,,,,,,,,,,,,,,,,,,,,,,,,,,,,,,,,,,,,,,,,,,,,,,,,,,,,,,,,,,,,,,,,,,,,,,,,,,,,,,,,,,,,,,,,,,,,,,,,,,,,,,,,,,,,,,,,,,,,,,,,,,,,,,,,,,,,,,,,,,,,,,,,,,,,,,,,,,,,,,,,,,,,,,,,,,,,,,,,,,,,,,,,,,,,,,,,,,,,,,,,,,,,,,,,,,,,,,,,,,,,,,,,,,,,,,,,,,,,,,,,,,,,,,,,,,,,,,,,,,,,,,,
rafael.estrada@slice.com,ES-16-STANDARD,169,8,12,2.5,1.9,112.23,36.28,7.10%,100.0%,4.7%,358,19,46,8.4,2.1,133.65,28.15,12.85%,99.7%,5.3%,351,27,59,6.9,2.3,147.58,19.33,16.81%,98.9%,7.7%,316,10,33,6.9,4.8,141.51,23.99,10.44%,97.5%,3.2%,,,,,,,,,,,,,,,,,,,,,,,,,,,,,,,,,,,,,,,,,,,,,,,,,,,,,,,,,,,,,,,,,,,,,,,,,,,,,,,,,,,,,,,,,,,,,,,,,,,,,,,,,,,,,,,,,,,,,,,,,,,,,,,,,,,,,,,,,,,,,,,,,,,,,,,,,,,,,,,,,,,,,,,,,,,,,,,,,,,,,,,,,,,,,,,,,,,,,,,,,,,,,,,,,,,,,,,,,,,,,,,,,,,,,,,,,,,,,,,,,,,,,,,,,,,,,,,,,,,,,,,,,,,,,,,,,,,,,,,,,,,,,,,,,,,,,,,,,,,,,,,,,,,,,,,,,,,,,,,,,,,,,,,,,,,,,,,,,,,,,,,,,,,,,,,,,,,,,,,,,,,,,,,,,,,,,,,,,,,,,,,,,,,,,,,,,,,,,,,,,,,,,,,,,,,,,,,,,,,,,,,,,,,,,,,,,,,,,,,,
manuel.castro@slice.com,ES-17-STANDARD,168,1,16,8.5,3.4,166.52,53.46,9.52%,95.2%,0.6%,154,2,16,8.4,3.8,210.03,73.80,10.39%,98.1%,1.3%,,,,,,,,,,,,,,,,,,,,,,,,,,,,,,,,,,,,,,,,,,,,,,,,,,,,,,,,,,,,,,,,,,,,,,,,,,,,,,,,,,,,,,,,,,,,,,,,,,,,,,,,,,,,,,,,,,,,,,,,,,,,,,,,,,,,,,,,,,,,,,,,,,,,,,,,,,,,,,,,,,,,,,,,,,,,,,,,,,,,,,,,,,,,,,,,,,,,,,,,,,,,,,,,,,,,,,,,,,,,,,,,,,,,,,,,,,,,,,,,,,,,,,,,,,,,,,,,,,,,,,,,,,,,,,,,,,,,,,,,,,,,,,,,,,,,,,,,,,,,,,,,,,,,,,,,,,,,,,,,,,,,,,,,,,,,,,,,,,,,,,,,,,,,,,,,,,,,,,,,,,,,,,,,,,,,,,,,,,,,,,,,,,,,,,,,,,,,,,,,,,,,,,,,,,,,,,,,,,,,,,,,,,,,,,,,,,,,,,,,,,,,,,,,,,,,,,,,,,,,
bianca.gamboa@slice.com,ES-17-STANDARD,157,4,21,18.7,3.0,138.04,69.16,13.38%,96.2%,2.5%,155,1,8,4.9,5.5,135.07,95.88,5.16%,99.4%,0.6%,,,,,,,,,,,,,,,,,,,,,,,,,,,,,,,,,,,,,,,,,,,,,,,,,,,,,,,,,,,,,,,,,,,,,,,,,,,,,,,,,,,,,,,,,,,,,,,,,,,,,,,,,,,,,,,,,,,,,,,,,,,,,,,,,,,,,,,,,,,,,,,,,,,,,,,,,,,,,,,,,,,,,,,,,,,,,,,,,,,,,,,,,,,,,,,,,,,,,,,,,,,,,,,,,,,,,,,,,,,,,,,,,,,,,,,,,,,,,,,,,,,,,,,,,,,,,,,,,,,,,,,,,,,,,,,,,,,,,,,,,,,,,,,,,,,,,,,,,,,,,,,,,,,,,,,,,,,,,,,,,,,,,,,,,,,,,,,,,,,,,,,,,,,,,,,,,,,,,,,,,,,,,,,,,,,,,,,,,,,,,,,,,,,,,,,,,,,,,,,,,,,,,,,,,,,,,,,,,,,,,,,,,,,,,,,,,,,,,,,,,,,,,,,,,,,,,,,,,,,,
jose.marcial@slice.com,ES-12-JUNIOR,149,2,21,17.9,1.6,181.93,19.72,14.09%,100.0%,1.3%,148,0,13,7.8,2.1,202.29,22.70,8.78%,99.3%,0.0%,245,3,30,15.8,1.8,199.04,23.20,12.24%,99.2%,1.2%,147,4,24,19.9,1.8,202.88,24.78,16.33%,99.3%,2.7%,,,,,,,,,,,,,,,,,,,,,,,,,,,,,,,,,,,,,,,,,,,,,,,,,,,,,,,,,,,,,,,,,,,,,,,,,,,,,,,,,,,,,,,,,,,,,,,,,,,,,,,,,,,,,,,,,,,,,,,,,,,,,,,,,,,,,,,,,,,,,,,,,,,,,,,,,,,,,,,,,,,,,,,,,,,,,,,,,,,,,,,,,,,,,,,,,,,,,,,,,,,,,,,,,,,,,,,,,,,,,,,,,,,,,,,,,,,,,,,,,,,,,,,,,,,,,,,,,,,,,,,,,,,,,,,,,,,,,,,,,,,,,,,,,,,,,,,,,,,,,,,,,,,,,,,,,,,,,,,,,,,,,,,,,,,,,,,,,,,,,,,,,,,,,,,,,,,,,,,,,,,,,,,,,,,,,,,,,,,,,,,,,,,,,,,,,,,,,,,,,,,,,,,,,,,,,,,,,,,,,,,,,,,,,,,,,,,,,,,,
paula.preciado@slice.com,ES-16-STANDARD,146,2,55,41.7,4.1,137.72,95.30,37.67%,94.5%,1.4%,147,6,62,37.4,4.8,150.27,112.93,42.18%,97.3%,4.1%,,,,,,,,,,,,,,,,,,,,,,,,,,,,,,,,,,,,,,,,,,,,,,,,,,,,,,,,,,,,,,,,,,,,,,,,,,,,,,,,,,,,,,,,,,,,,,,,,,,,,,,,,,,,,,,,,,,,,,,,,,,,,,,,,,,,,,,,,,,,,,,,,,,,,,,,,,,,,,,,,,,,,,,,,,,,,,,,,,,,,,,,,,,,,,,,,,,,,,,,,,,,,,,,,,,,,,,,,,,,,,,,,,,,,,,,,,,,,,,,,,,,,,,,,,,,,,,,,,,,,,,,,,,,,,,,,,,,,,,,,,,,,,,,,,,,,,,,,,,,,,,,,,,,,,,,,,,,,,,,,,,,,,,,,,,,,,,,,,,,,,,,,,,,,,,,,,,,,,,,,,,,,,,,,,,,,,,,,,,,,,,,,,,,,,,,,,,,,,,,,,,,,,,,,,,,,,,,,,,,,,,,,,,,,,,,,,,,,,,,,,,,,,,,,,,,,,,,,,,,
jairo.esparza@slice.com,ES-17-STANDARD,142,12,37,15.1,2.5,120.89,139.49,26.06%,98.6%,8.5%,176,14,55,22.4,2.4,119.08,101.18,31.25%,98.3%,8.0%,,,,,,,,,,,,,,,,,,,,,,,,,,,,,,,,,,,,,,,,,,,,,,,,,,,,,,,,,,,,,,,,,,,,,,,,,,,,,,,,,,,,,,,,,,,,,,,,,,,,,,,,,,,,,,,,,,,,,,,,,,,,,,,,,,,,,,,,,,,,,,,,,,,,,,,,,,,,,,,,,,,,,,,,,,,,,,,,,,,,,,,,,,,,,,,,,,,,,,,,,,,,,,,,,,,,,,,,,,,,,,,,,,,,,,,,,,,,,,,,,,,,,,,,,,,,,,,,,,,,,,,,,,,,,,,,,,,,,,,,,,,,,,,,,,,,,,,,,,,,,,,,,,,,,,,,,,,,,,,,,,,,,,,,,,,,,,,,,,,,,,,,,,,,,,,,,,,,,,,,,,,,,,,,,,,,,,,,,,,,,,,,,,,,,,,,,,,,,,,,,,,,,,,,,,,,,,,,,,,,,,,,,,,,,,,,,,,,,,,,,,,,,,,,,,,,,,,,,,,,
jose.ortega@slice.com,ES-12-JUNIOR,139,2,37,21.2,1.7,172.97,64.04,26.62%,100.0%,1.4%,134,0,58,36.9,4.6,178.77,90.14,43.28%,99.3%,0.0%,2,0,1,18.5,7.0,270.00,105.00,50.00%,100.0%,0.0%,,,,,,,,,,,,,,,,,,,,,,,,,,,,,,,,,,,,,,,,,,,,,,,,,,,,,,,,,,,,,,,,,,,,,,,,,,,,,,,,,,,,,,,,,,,,,,,,,,,,,,,,,,,,,,,,,,,,,,,,,,,,,,,,,,,,,,,,,,,,,,,,,,,,,,,,,,,,,,,,,,,,,,,,,,,,,,,,,,,,,,,,,,,,,,,,,,,,,,,,,,,,,,,,,,,,,,,,,,,,,,,,,,,,,,,,,,,,,,,,,,,,,,,,,,,,,,,,,,,,,,,,,,,,,,,,,,,,,,,,,,,,,,,,,,,,,,,,,,,,,,,,,,,,,,,,,,,,,,,,,,,,,,,,,,,,,,,,,,,,,,,,,,,,,,,,,,,,,,,,,,,,,,,,,,,,,,,,,,,,,,,,,,,,,,,,,,,,,,,,,,,,,,,,,,,,,,,,,,,,,,,,,,,,,,,,,,,,,,,,,,,,,,,,,,
miriam.avendano@slice.com,ES-16-STANDARD,130,3,50,28.8,3.0,125.91,58.02,38.46%,97.7%,2.3%,193,0,89,46.3,7.8,142.12,91.42,46.11%,98.4%,0.0%,,,,,,,,,,,,,,,,,,,,,,,,,,,,,,,,,,,,,,,,,,,,,,,,,,,,,,,,,,,,,,,,,,,,,,,,,,,,,,,,,,,,,,,,,,,,,,,,,,,,,,,,,,,,,,,,,,,,,,,,,,,,,,,,,,,,,,,,,,,,,,,,,,,,,,,,,,,,,,,,,,,,,,,,,,,,,,,,,,,,,,,,,,,,,,,,,,,,,,,,,,,,,,,,,,,,,,,,,,,,,,,,,,,,,,,,,,,,,,,,,,,,,,,,,,,,,,,,,,,,,,,,,,,,,,,,,,,,,,,,,,,,,,,,,,,,,,,,,,,,,,,,,,,,,,,,,,,,,,,,,,,,,,,,,,,,,,,,,,,,,,,,,,,,,,,,,,,,,,,,,,,,,,,,,,,,,,,,,,,,,,,,,,,,,,,,,,,,,,,,,,,,,,,,,,,,,,,,,,,,,,,,,,,,,,,,,,,,,,,,,,,,,,,,,,,,,,,,,,,,
victor.soto@slice.com,ES-16-STANDARD,129,1,18,15.3,2.7,134.88,148.29,13.95%,97.7%,0.8%,248,5,47,13.9,2.6,160.14,102.27,18.95%,97.6%,2.0%,338,6,72,23.4,2.4,158.52,80.05,21.30%,98.8%,1.8%,345,7,55,19.1,2.8,170.47,77.60,15.94%,98.3%,2.0%,,,,,,,,,,,,,,,,,,,,,,,,,,,,,,,,,,,,,,,,,,,,,,,,,,,,,,,,,,,,,,,,,,,,,,,,,,,,,,,,,,,,,,,,,,,,,,,,,,,,,,,,,,,,,,,,,,,,,,,,,,,,,,,,,,,,,,,,,,,,,,,,,,,,,,,,,,,,,,,,,,,,,,,,,,,,,,,,,,,,,,,,,,,,,,,,,,,,,,,,,,,,,,,,,,,,,,,,,,,,,,,,,,,,,,,,,,,,,,,,,,,,,,,,,,,,,,,,,,,,,,,,,,,,,,,,,,,,,,,,,,,,,,,,,,,,,,,,,,,,,,,,,,,,,,,,,,,,,,,,,,,,,,,,,,,,,,,,,,,,,,,,,,,,,,,,,,,,,,,,,,,,,,,,,,,,,,,,,,,,,,,,,,,,,,,,,,,,,,,,,,,,,,,,,,,,,,,,,,,,,,,,,,,,,,,,,,,,,,,,
susana.calvillo@slice.com,ES-12-JUNIOR,98,2,8,8.4,1.8,137.34,97.72,8.16%,100.0%,2.0%,107,5,18,14.8,4.1,124.44,92.33,16.82%,100.0%,4.7%,3,0,0,0.0,4.0,155.67,292.67,0.00%,100.0%,0.0%,,,,,,,,,,,,,,,,,,,,,,,,,,,,,,,,,,,,,,,,,,,,,,,,,,,,,,,,,,,,,,,,,,,,,,,,,,,,,,,,,,,,,,,,,,,,,,,,,,,,,,,,,,,,,,,,,,,,,,,,,,,,,,,,,,,,,,,,,,,,,,,,,,,,,,,,,,,,,,,,,,,,,,,,,,,,,,,,,,,,,,,,,,,,,,,,,,,,,,,,,,,,,,,,,,,,,,,,,,,,,,,,,,,,,,,,,,,,,,,,,,,,,,,,,,,,,,,,,,,,,,,,,,,,,,,,,,,,,,,,,,,,,,,,,,,,,,,,,,,,,,,,,,,,,,,,,,,,,,,,,,,,,,,,,,,,,,,,,,,,,,,,,,,,,,,,,,,,,,,,,,,,,,,,,,,,,,,,,,,,,,,,,,,,,,,,,,,,,,,,,,,,,,,,,,,,,,,,,,,,,,,,,,,,,,,,,,,,,,,,,,,,,,,,,,
victor.soto@slice.com,ES-12-JUNIOR,96,2,19,26.9,1.8,191.46,140.43,19.79%,100.0%,2.1%,,,,,,,,,,,,,,,,,,,,,,,,,,,,,,,,,,,,,,,,,,,,,,,,,,,,,,,,,,,,,,,,,,,,,,,,,,,,,,,,,,,,,,,,,,,,,,,,,,,,,,,,,,,,,,,,,,,,,,,,,,,,,,,,,,,,,,,,,,,,,,,,,,,,,,,,,,,,,,,,,,,,,,,,,,,,,,,,,,,,,,,,,,,,,,,,,,,,,,,,,,,,,,,,,,,,,,,,,,,,,,,,,,,,,,,,,,,,,,,,,,,,,,,,,,,,,,,,,,,,,,,,,,,,,,,,,,,,,,,,,,,,,,,,,,,,,,,,,,,,,,,,,,,,,,,,,,,,,,,,,,,,,,,,,,,,,,,,,,,,,,,,,,,,,,,,,,,,,,,,,,,,,,,,,,,,,,,,,,,,,,,,,,,,,,,,,,,,,,,,,,,,,,,,,,,,,,,,,,,,,,,,,,,,,,,,,,,,,,,,,,,,,,,,,,,,,,,,,,,,,,,,,,,,,,
virginia.sevilla@slice.com,ES-12-JUNIOR,90,4,16,17.1,2.0,125.90,78.52,17.78%,100.0%,4.4%,89,3,27,30.3,4.7,199.73,97.10,30.34%,100.0%,3.4%,3,0,0,0.0,8.7,123.67,112.67,0.00%,100.0%,0.0%,,,,,,,,,,,,,,,,,,,,,,,,,,,,,,,,,,,,,,,,,,,,,,,,,,,,,,,,,,,,,,,,,,,,,,,,,,,,,,,,,,,,,,,,,,,,,,,,,,,,,,,,,,,,,,,,,,,,,,,,,,,,,,,,,,,,,,,,,,,,,,,,,,,,,,,,,,,,,,,,,,,,,,,,,,,,,,,,,,,,,,,,,,,,,,,,,,,,,,,,,,,,,,,,,,,,,,,,,,,,,,,,,,,,,,,,,,,,,,,,,,,,,,,,,,,,,,,,,,,,,,,,,,,,,,,,,,,,,,,,,,,,,,,,,,,,,,,,,,,,,,,,,,,,,,,,,,,,,,,,,,,,,,,,,,,,,,,,,,,,,,,,,,,,,,,,,,,,,,,,,,,,,,,,,,,,,,,,,,,,,,,,,,,,,,,,,,,,,,,,,,,,,,,,,,,,,,,,,,,,,,,,,,,,,,,,,,,,,,,,,,,,,,,,,,
esmeralda.martinez@slice.com,ES-12-JUNIOR,87,1,32,36.0,1.9,138.78,98.83,36.78%,100.0%,1.1%,102,1,30,35.1,5.9,137.14,106.50,29.41%,99.0%,1.0%,2,0,0,0.0,7.5,471.00,190.00,0.00%,100.0%,0.0%,,,,,,,,,,,,,,,,,,,,,,,,,,,,,,,,,,,,,,,,,,,,,,,,,,,,,,,,,,,,,,,,,,,,,,,,,,,,,,,,,,,,,,,,,,,,,,,,,,,,,,,,,,,,,,,,,,,,,,,,,,,,,,,,,,,,,,,,,,,,,,,,,,,,,,,,,,,,,,,,,,,,,,,,,,,,,,,,,,,,,,,,,,,,,,,,,,,,,,,,,,,,,,,,,,,,,,,,,,,,,,,,,,,,,,,,,,,,,,,,,,,,,,,,,,,,,,,,,,,,,,,,,,,,,,,,,,,,,,,,,,,,,,,,,,,,,,,,,,,,,,,,,,,,,,,,,,,,,,,,,,,,,,,,,,,,,,,,,,,,,,,,,,,,,,,,,,,,,,,,,,,,,,,,,,,,,,,,,,,,,,,,,,,,,,,,,,,,,,,,,,,,,,,,,,,,,,,,,,,,,,,,,,,,,,,,,,,,,,,,,,,,,,,,,,
marcos.alvarez@slice.com,ES-12-JUNIOR,79,5,35,26.1,2.8,191.11,138.61,44.30%,98.7%,6.3%,114,10,64,37.4,4.5,177.62,132.78,56.14%,100.0%,8.8%,9,0,2,12.6,13.8,120.78,122.78,22.22%,66.7%,0.0%,,,,,,,,,,,,,,,,,,,,,,,,,,,,,,,,,,,,,,,,,,,,,,,,,,,,,,,,,,,,,,,,,,,,,,,,,,,,,,,,,,,,,,,,,,,,,,,,,,,,,,,,,,,,,,,,,,,,,,,,,,,,,,,,,,,,,,,,,,,,,,,,,,,,,,,,,,,,,,,,,,,,,,,,,,,,,,,,,,,,,,,,,,,,,,,,,,,,,,,,,,,,,,,,,,,,,,,,,,,,,,,,,,,,,,,,,,,,,,,,,,,,,,,,,,,,,,,,,,,,,,,,,,,,,,,,,,,,,,,,,,,,,,,,,,,,,,,,,,,,,,,,,,,,,,,,,,,,,,,,,,,,,,,,,,,,,,,,,,,,,,,,,,,,,,,,,,,,,,,,,,,,,,,,,,,,,,,,,,,,,,,,,,,,,,,,,,,,,,,,,,,,,,,,,,,,,,,,,,,,,,,,,,,,,,,,,,,,,,,,,,,,,,,,,,
michelle.juarez@slice.com,ES-16-STANDARD,72,5,14,13.5,2.6,87.08,61.90,19.44%,98.6%,6.9%,390,15,58,10.4,3.1,103.41,64.92,14.87%,97.2%,3.8%,347,6,62,13.0,2.5,110.33,81.18,17.87%,98.6%,1.7%,,,,,,,,,,,,,,,,,,,,,,,,,,,,,,,,,,,,,,,,,,,,,,,,,,,,,,,,,,,,,,,,,,,,,,,,,,,,,,,,,,,,,,,,,,,,,,,,,,,,,,,,,,,,,,,,,,,,,,,,,,,,,,,,,,,,,,,,,,,,,,,,,,,,,,,,,,,,,,,,,,,,,,,,,,,,,,,,,,,,,,,,,,,,,,,,,,,,,,,,,,,,,,,,,,,,,,,,,,,,,,,,,,,,,,,,,,,,,,,,,,,,,,,,,,,,,,,,,,,,,,,,,,,,,,,,,,,,,,,,,,,,,,,,,,,,,,,,,,,,,,,,,,,,,,,,,,,,,,,,,,,,,,,,,,,,,,,,,,,,,,,,,,,,,,,,,,,,,,,,,,,,,,,,,,,,,,,,,,,,,,,,,,,,,,,,,,,,,,,,,,,,,,,,,,,,,,,,,,,,,,,,,,,,,,,,,,,,,,,,,,,,,,,,,,
jorge.hernandez@slice.com,ES-16-STANDARD,59,0,2,2.7,1.7,84.49,48.64,3.39%,100.0%,0.0%,132,1,14,7.0,4.3,118.45,64.35,10.61%,97.7%,0.8%,,,,,,,,,,,,,,,,,,,,,,,,,,,,,,,,,,,,,,,,,,,,,,,,,,,,,,,,,,,,,,,,,,,,,,,,,,,,,,,,,,,,,,,,,,,,,,,,,,,,,,,,,,,,,,,,,,,,,,,,,,,,,,,,,,,,,,,,,,,,,,,,,,,,,,,,,,,,,,,,,,,,,,,,,,,,,,,,,,,,,,,,,,,,,,,,,,,,,,,,,,,,,,,,,,,,,,,,,,,,,,,,,,,,,,,,,,,,,,,,,,,,,,,,,,,,,,,,,,,,,,,,,,,,,,,,,,,,,,,,,,,,,,,,,,,,,,,,,,,,,,,,,,,,,,,,,,,,,,,,,,,,,,,,,,,,,,,,,,,,,,,,,,,,,,,,,,,,,,,,,,,,,,,,,,,,,,,,,,,,,,,,,,,,,,,,,,,,,,,,,,,,,,,,,,,,,,,,,,,,,,,,,,,,,,,,,,,,,,,,,,,,,,,,,,,,,,,,,,,,
alberto.cruz@slice.com,ES-12-STANDARD,53,5,22,52.9,4.4,163.40,78.02,41.51%,92.5%,9.4%,,,,,,,,,,,129,4,38,27.5,2.0,138.53,59.72,29.46%,99.2%,3.1%,274,5,98,36.8,2.2,174.14,56.78,35.77%,98.9%,1.8%,,,,,,,,,,,,,,,,,,,,,,,,,,,,,,,,,,,,,,,,,,,,,,,,,,,,,,,,,,,,,,,,,,,,,,,,,,,,,,,,,,,,,,,,,,,,,,,,,,,,,,,,,,,,,,,,,,,,,,,,,,,,,,,,,,,,,,,,,,,,,,,,,,,,,,,,,,,,,,,,,,,,,,,,,,,,,,,,,,,,,,,,,,,,,,,,,,,,,,,,,,,,,,,,,,,,,,,,,,,,,,,,,,,,,,,,,,,,,,,,,,,,,,,,,,,,,,,,,,,,,,,,,,,,,,,,,,,,,,,,,,,,,,,,,,,,,,,,,,,,,,,,,,,,,,,,,,,,,,,,,,,,,,,,,,,,,,,,,,,,,,,,,,,,,,,,,,,,,,,,,,,,,,,,,,,,,,,,,,,,,,,,,,,,,,,,,,,,,,,,,,,,,,,,,,,,,,,,,,,,,,,,,,,,,,,,,,,,,,,,
luis.mariano@slice.com,ES-17-SENIOR,2,0,0,0.0,1.5,129.50,16.00,0.00%,100.0%,0.0%,,,,,,,,,,,,,,,,,,,,,,,,,,,,,,,,,,,,,,,,,,,,,,,,,,,,,,,,,,,,,,,,,,,,,,,,,,,,,,,,,,,,,,,,,,,,,,,,,,,,,,,,,,,,,,,,,,,,,,,,,,,,,,,,,,,,,,,,,,,,,,,,,,,,,,,,,,,,,,,,,,,,,,,,,,,,,,,,,,,,,,,,,,,,,,,,,,,,,,,,,,,,,,,,,,,,,,,,,,,,,,,,,,,,,,,,,,,,,,,,,,,,,,,,,,,,,,,,,,,,,,,,,,,,,,,,,,,,,,,,,,,,,,,,,,,,,,,,,,,,,,,,,,,,,,,,,,,,,,,,,,,,,,,,,,,,,,,,,,,,,,,,,,,,,,,,,,,,,,,,,,,,,,,,,,,,,,,,,,,,,,,,,,,,,,,,,,,,,,,,,,,,,,,,,,,,,,,,,,,,,,,,,,,,,,,,,,,,,,,,,,,,,,,,,,,,,,,,,,,,,,,,,,,,,,
,,0,0,0,,29.5,,,,,,0,0,0,,17.8,,,,,,0,0,0,,24.1,,,,,,0,0,0,,25.3,,,,,,,,,,,,,,,,,,,,,,,,,,,,,,,,,,,,,,,,,,,,,,,,,,,,,,,,,,,,,,,,,,,,,,,,,,,,,,,,,,,,,,,,,,,,,,,,,,,,,,,,,,,,,,,,,,,,,,,,,,,,,,,,,,,,,,,,,,,,,,,,,,,,,,,,,,,,,,,,,,,,,,,,,,,,,,,,,,,,,,,,,,,,,,,,,,,,,,,,,,,,,,,,,,,,,,,,,,,,,,,,,,,,,,,,,,,,,,,,,,,,,,,,,,,,,,,,,,,,,,,,,,,,,,,,,,,,,,,,,,,,,,,,,,,,,,,,,,,,,,,,,,,,,,,,,,,,,,,,,,,,,,,,,,,,,,,,,,,,,,,,,,,,,,,,,,,,,,,,,,,,,,,,,,,,,,,,,,,,,,,,,,,,,,,,,,,,,,,,,,,,,,,,,,,,,,,,,,,,,,,,,,,,,,,,,,,,,,,,,,,,,
haziel.toriz@slice.com,ES-12-STANDARD,,,,,,,,,,,6,0,3,20.8,2.0,51.50,6.83,50.00%,100.0%,0.0%,667,16,81,6.4,2.6,106.58,13.45,12.14%,98.4%,2.4%,628,14,63,5.6,2.5,102.29,14.54,10.03%,97.9%,2.2%,,,,,,,,,,,,,,,,,,,,,,,,,,,,,,,,,,,,,,,,,,,,,,,,,,,,,,,,,,,,,,,,,,,,,,,,,,,,,,,,,,,,,,,,,,,,,,,,,,,,,,,,,,,,,,,,,,,,,,,,,,,,,,,,,,,,,,,,,,,,,,,,,,,,,,,,,,,,,,,,,,,,,,,,,,,,,,,,,,,,,,,,,,,,,,,,,,,,,,,,,,,,,,,,,,,,,,,,,,,,,,,,,,,,,,,,,,,,,,,,,,,,,,,,,,,,,,,,,,,,,,,,,,,,,,,,,,,,,,,,,,,,,,,,,,,,,,,,,,,,,,,,,,,,,,,,,,,,,,,,,,,,,,,,,,,,,,,,,,,,,,,,,,,,,,,,,,,,,,,,,,,,,,,,,,,,,,,,,,,,,,,,,,,,,,,,,,,,,,,,,,,,,,,,,,,,,,,,,,,,,,,,,,,,,,,,,,,,,,,,
carlos.montes@slice.com,ES-12-STANDARD,,,,,,,,,,,,,,,,,,,,,497,39,74,5.5,2.7,115.99,37.59,14.89%,98.6%,7.8%,441,22,60,10.3,3.7,122.58,30.16,13.61%,97.7%,5.0%,,,,,,,,,,,,,,,,,,,,,,,,,,,,,,,,,,,,,,,,,,,,,,,,,,,,,,,,,,,,,,,,,,,,,,,,,,,,,,,,,,,,,,,,,,,,,,,,,,,,,,,,,,,,,,,,,,,,,,,,,,,,,,,,,,,,,,,,,,,,,,,,,,,,,,,,,,,,,,,,,,,,,,,,,,,,,,,,,,,,,,,,,,,,,,,,,,,,,,,,,,,,,,,,,,,,,,,,,,,,,,,,,,,,,,,,,,,,,,,,,,,,,,,,,,,,,,,,,,,,,,,,,,,,,,,,,,,,,,,,,,,,,,,,,,,,,,,,,,,,,,,,,,,,,,,,,,,,,,,,,,,,,,,,,,,,,,,,,,,,,,,,,,,,,,,,,,,,,,,,,,,,,,,,,,,,,,,,,,,,,,,,,,,,,,,,,,,,,,,,,,,,,,,,,,,,,,,,,,,,,,,,,,,,,,,,,,,,,,,,
yosseline.solis@slice.com,ES-16-STANDARD,,,,,,,,,,,,,,,,,,,,,435,22,93,16.5,2.7,118.45,103.35,21.38%,98.2%,5.1%,400,22,103,22.7,2.5,124.99,119.45,25.75%,98.3%,5.5%,,,,,,,,,,,,,,,,,,,,,,,,,,,,,,,,,,,,,,,,,,,,,,,,,,,,,,,,,,,,,,,,,,,,,,,,,,,,,,,,,,,,,,,,,,,,,,,,,,,,,,,,,,,,,,,,,,,,,,,,,,,,,,,,,,,,,,,,,,,,,,,,,,,,,,,,,,,,,,,,,,,,,,,,,,,,,,,,,,,,,,,,,,,,,,,,,,,,,,,,,,,,,,,,,,,,,,,,,,,,,,,,,,,,,,,,,,,,,,,,,,,,,,,,,,,,,,,,,,,,,,,,,,,,,,,,,,,,,,,,,,,,,,,,,,,,,,,,,,,,,,,,,,,,,,,,,,,,,,,,,,,,,,,,,,,,,,,,,,,,,,,,,,,,,,,,,,,,,,,,,,,,,,,,,,,,,,,,,,,,,,,,,,,,,,,,,,,,,,,,,,,,,,,,,,,,,,,,,,,,,,,,,,,,,,,,,,,,,,,,
jose.delapaz@slice.com,ES-16-STANDARD,,,,,,,,,,,,,,,,,,,,,141,18,31,6.0,2.5,109.55,30.81,21.99%,98.6%,12.8%,422,65,97,5.5,2.6,124.76,43.91,22.99%,98.8%,15.4%,,,,,,,,,,,,,,,,,,,,,,,,,,,,,,,,,,,,,,,,,,,,,,,,,,,,,,,,,,,,,,,,,,,,,,,,,,,,,,,,,,,,,,,,,,,,,,,,,,,,,,,,,,,,,,,,,,,,,,,,,,,,,,,,,,,,,,,,,,,,,,,,,,,,,,,,,,,,,,,,,,,,,,,,,,,,,,,,,,,,,,,,,,,,,,,,,,,,,,,,,,,,,,,,,,,,,,,,,,,,,,,,,,,,,,,,,,,,,,,,,,,,,,,,,,,,,,,,,,,,,,,,,,,,,,,,,,,,,,,,,,,,,,,,,,,,,,,,,,,,,,,,,,,,,,,,,,,,,,,,,,,,,,,,,,,,,,,,,,,,,,,,,,,,,,,,,,,,,,,,,,,,,,,,,,,,,,,,,,,,,,,,,,,,,,,,,,,,,,,,,,,,,,,,,,,,,,,,,,,,,,,,,,,,,,,,,,,,,,,,
hugo.covarrubias@slice.com,ES-16-STANDARD,,,,,,,,,,,,,,,,,,,,,419,44,91,10.0,2.7,118.28,86.84,21.72%,98.1%,10.5%,385,44,84,8.9,3.0,142.35,81.79,21.82%,97.9%,11.4%,,,,,,,,,,,,,,,,,,,,,,,,,,,,,,,,,,,,,,,,,,,,,,,,,,,,,,,,,,,,,,,,,,,,,,,,,,,,,,,,,,,,,,,,,,,,,,,,,,,,,,,,,,,,,,,,,,,,,,,,,,,,,,,,,,,,,,,,,,,,,,,,,,,,,,,,,,,,,,,,,,,,,,,,,,,,,,,,,,,,,,,,,,,,,,,,,,,,,,,,,,,,,,,,,,,,,,,,,,,,,,,,,,,,,,,,,,,,,,,,,,,,,,,,,,,,,,,,,,,,,,,,,,,,,,,,,,,,,,,,,,,,,,,,,,,,,,,,,,,,,,,,,,,,,,,,,,,,,,,,,,,,,,,,,,,,,,,,,,,,,,,,,,,,,,,,,,,,,,,,,,,,,,,,,,,,,,,,,,,,,,,,,,,,,,,,,,,,,,,,,,,,,,,,,,,,,,,,,,,,,,,,,,,,,,,,,,,,,,,,
elena.quinones@slice.com,ES-12-STANDARD,,,,,,,,,,,,,,,,,,,,,,,,,,,,,,,401,46,95,12.7,2.0,97.30,81.97,23.69%,99.8%,11.5%,,,,,,,,,,,,,,,,,,,,,,,,,,,,,,,,,,,,,,,,,,,,,,,,,,,,,,,,,,,,,,,,,,,,,,,,,,,,,,,,,,,,,,,,,,,,,,,,,,,,,,,,,,,,,,,,,,,,,,,,,,,,,,,,,,,,,,,,,,,,,,,,,,,,,,,,,,,,,,,,,,,,,,,,,,,,,,,,,,,,,,,,,,,,,,,,,,,,,,,,,,,,,,,,,,,,,,,,,,,,,,,,,,,,,,,,,,,,,,,,,,,,,,,,,,,,,,,,,,,,,,,,,,,,,,,,,,,,,,,,,,,,,,,,,,,,,,,,,,,,,,,,,,,,,,,,,,,,,,,,,,,,,,,,,,,,,,,,,,,,,,,,,,,,,,,,,,,,,,,,,,,,,,,,,,,,,,,,,,,,,,,,,,,,,,,,,,,,,,,,,,,,,,,,,,,,,,,,,,,,,,,,,,,,,,,,,,,,,,,,
beatriz.gutierrez@slice.com,ES-12-STANDARD,,,,,,,,,,,,,,,,,,,,,67,1,13,7.6,1.7,106.69,93.76,19.40%,100.0%,1.5%,386,14,118,15.0,2.2,113.99,107.11,30.57%,98.7%,3.6%,,,,,,,,,,,,,,,,,,,,,,,,,,,,,,,,,,,,,,,,,,,,,,,,,,,,,,,,,,,,,,,,,,,,,,,,,,,,,,,,,,,,,,,,,,,,,,,,,,,,,,,,,,,,,,,,,,,,,,,,,,,,,,,,,,,,,,,,,,,,,,,,,,,,,,,,,,,,,,,,,,,,,,,,,,,,,,,,,,,,,,,,,,,,,,,,,,,,,,,,,,,,,,,,,,,,,,,,,,,,,,,,,,,,,,,,,,,,,,,,,,,,,,,,,,,,,,,,,,,,,,,,,,,,,,,,,,,,,,,,,,,,,,,,,,,,,,,,,,,,,,,,,,,,,,,,,,,,,,,,,,,,,,,,,,,,,,,,,,,,,,,,,,,,,,,,,,,,,,,,,,,,,,,,,,,,,,,,,,,,,,,,,,,,,,,,,,,,,,,,,,,,,,,,,,,,,,,,,,,,,,,,,,,,,,,,,,,,,,,,
fernando.mejia@slice.com,ES-12-STANDARD,,,,,,,,,,,56,3,8,4.7,2.0,131.27,31.14,14.29%,100.0%,5.4%,378,17,87,21.1,2.3,150.21,40.19,23.02%,98.4%,4.5%,288,6,56,22.7,3.9,161.95,59.90,19.44%,97.2%,2.1%,,,,,,,,,,,,,,,,,,,,,,,,,,,,,,,,,,,,,,,,,,,,,,,,,,,,,,,,,,,,,,,,,,,,,,,,,,,,,,,,,,,,,,,,,,,,,,,,,,,,,,,,,,,,,,,,,,,,,,,,,,,,,,,,,,,,,,,,,,,,,,,,,,,,,,,,,,,,,,,,,,,,,,,,,,,,,,,,,,,,,,,,,,,,,,,,,,,,,,,,,,,,,,,,,,,,,,,,,,,,,,,,,,,,,,,,,,,,,,,,,,,,,,,,,,,,,,,,,,,,,,,,,,,,,,,,,,,,,,,,,,,,,,,,,,,,,,,,,,,,,,,,,,,,,,,,,,,,,,,,,,,,,,,,,,,,,,,,,,,,,,,,,,,,,,,,,,,,,,,,,,,,,,,,,,,,,,,,,,,,,,,,,,,,,,,,,,,,,,,,,,,,,,,,,,,,,,,,,,,,,,,,,,,,,,,,,,,,,,,,
daniel.serrano@slice.com,ES-12-STANDARD,,,,,,,,,,,23,0,1,2.3,2.0,127.52,163.09,4.35%,100.0%,0.0%,366,6,27,4.2,2.9,115.51,119.19,7.38%,98.4%,1.6%,280,2,6,1.3,2.3,111.97,85.85,2.14%,98.6%,0.7%,,,,,,,,,,,,,,,,,,,,,,,,,,,,,,,,,,,,,,,,,,,,,,,,,,,,,,,,,,,,,,,,,,,,,,,,,,,,,,,,,,,,,,,,,,,,,,,,,,,,,,,,,,,,,,,,,,,,,,,,,,,,,,,,,,,,,,,,,,,,,,,,,,,,,,,,,,,,,,,,,,,,,,,,,,,,,,,,,,,,,,,,,,,,,,,,,,,,,,,,,,,,,,,,,,,,,,,,,,,,,,,,,,,,,,,,,,,,,,,,,,,,,,,,,,,,,,,,,,,,,,,,,,,,,,,,,,,,,,,,,,,,,,,,,,,,,,,,,,,,,,,,,,,,,,,,,,,,,,,,,,,,,,,,,,,,,,,,,,,,,,,,,,,,,,,,,,,,,,,,,,,,,,,,,,,,,,,,,,,,,,,,,,,,,,,,,,,,,,,,,,,,,,,,,,,,,,,,,,,,,,,,,,,,,,,,,,,,,,,,
irving.lopez@slice.com,ES-16-STANDARD,,,,,,,,,,,,,,,,,,,,,45,3,12,19.4,2.0,109.51,52.04,26.67%,100.0%,6.7%,356,28,108,15.0,2.9,109.47,45.28,30.34%,97.5%,7.9%,,,,,,,,,,,,,,,,,,,,,,,,,,,,,,,,,,,,,,,,,,,,,,,,,,,,,,,,,,,,,,,,,,,,,,,,,,,,,,,,,,,,,,,,,,,,,,,,,,,,,,,,,,,,,,,,,,,,,,,,,,,,,,,,,,,,,,,,,,,,,,,,,,,,,,,,,,,,,,,,,,,,,,,,,,,,,,,,,,,,,,,,,,,,,,,,,,,,,,,,,,,,,,,,,,,,,,,,,,,,,,,,,,,,,,,,,,,,,,,,,,,,,,,,,,,,,,,,,,,,,,,,,,,,,,,,,,,,,,,,,,,,,,,,,,,,,,,,,,,,,,,,,,,,,,,,,,,,,,,,,,,,,,,,,,,,,,,,,,,,,,,,,,,,,,,,,,,,,,,,,,,,,,,,,,,,,,,,,,,,,,,,,,,,,,,,,,,,,,,,,,,,,,,,,,,,,,,,,,,,,,,,,,,,,,,,,,,,,,,,
javier.villa@slice.com,ES-16-STANDARD,,,,,,,,,,,53,1,8,9.2,2.3,87.89,66.91,15.09%,100.0%,1.9%,342,12,55,11.2,2.8,122.50,102.17,16.08%,98.0%,3.5%,332,10,47,10.7,2.3,115.28,99.93,14.16%,99.4%,3.0%,,,,,,,,,,,,,,,,,,,,,,,,,,,,,,,,,,,,,,,,,,,,,,,,,,,,,,,,,,,,,,,,,,,,,,,,,,,,,,,,,,,,,,,,,,,,,,,,,,,,,,,,,,,,,,,,,,,,,,,,,,,,,,,,,,,,,,,,,,,,,,,,,,,,,,,,,,,,,,,,,,,,,,,,,,,,,,,,,,,,,,,,,,,,,,,,,,,,,,,,,,,,,,,,,,,,,,,,,,,,,,,,,,,,,,,,,,,,,,,,,,,,,,,,,,,,,,,,,,,,,,,,,,,,,,,,,,,,,,,,,,,,,,,,,,,,,,,,,,,,,,,,,,,,,,,,,,,,,,,,,,,,,,,,,,,,,,,,,,,,,,,,,,,,,,,,,,,,,,,,,,,,,,,,,,,,,,,,,,,,,,,,,,,,,,,,,,,,,,,,,,,,,,,,,,,,,,,,,,,,,,,,,,,,,,,,,,,,,,,,
rafael.flores@slice.com,ES-17-STANDARD,,,,,,,,,,,329,26,108,17.2,2.0,115.67,58.26,32.83%,99.7%,7.9%,,,,,,,,,,,,,,,,,,,,,,,,,,,,,,,,,,,,,,,,,,,,,,,,,,,,,,,,,,,,,,,,,,,,,,,,,,,,,,,,,,,,,,,,,,,,,,,,,,,,,,,,,,,,,,,,,,,,,,,,,,,,,,,,,,,,,,,,,,,,,,,,,,,,,,,,,,,,,,,,,,,,,,,,,,,,,,,,,,,,,,,,,,,,,,,,,,,,,,,,,,,,,,,,,,,,,,,,,,,,,,,,,,,,,,,,,,,,,,,,,,,,,,,,,,,,,,,,,,,,,,,,,,,,,,,,,,,,,,,,,,,,,,,,,,,,,,,,,,,,,,,,,,,,,,,,,,,,,,,,,,,,,,,,,,,,,,,,,,,,,,,,,,,,,,,,,,,,,,,,,,,,,,,,,,,,,,,,,,,,,,,,,,,,,,,,,,,,,,,,,,,,,,,,,,,,,,,,,,,,,,,,,,,,,,,,,,,,,,,,,,,,,,,,,,,,,,,,,,,,
jairo.esparza@slice.com,ES-16-STANDARD,,,,,,,,,,,29,1,7,22.2,3.0,125.52,186.52,24.14%,96.6%,3.4%,314,19,65,12.2,2.4,110.23,95.78,20.70%,98.7%,6.1%,315,17,83,16.3,2.6,116.42,99.49,26.35%,98.7%,5.4%,,,,,,,,,,,,,,,,,,,,,,,,,,,,,,,,,,,,,,,,,,,,,,,,,,,,,,,,,,,,,,,,,,,,,,,,,,,,,,,,,,,,,,,,,,,,,,,,,,,,,,,,,,,,,,,,,,,,,,,,,,,,,,,,,,,,,,,,,,,,,,,,,,,,,,,,,,,,,,,,,,,,,,,,,,,,,,,,,,,,,,,,,,,,,,,,,,,,,,,,,,,,,,,,,,,,,,,,,,,,,,,,,,,,,,,,,,,,,,,,,,,,,,,,,,,,,,,,,,,,,,,,,,,,,,,,,,,,,,,,,,,,,,,,,,,,,,,,,,,,,,,,,,,,,,,,,,,,,,,,,,,,,,,,,,,,,,,,,,,,,,,,,,,,,,,,,,,,,,,,,,,,,,,,,,,,,,,,,,,,,,,,,,,,,,,,,,,,,,,,,,,,,,,,,,,,,,,,,,,,,,,,,,,,,,,,,,,,,,,,
rafael.flores@slice.com,ES-12-JUNIOR,,,,,,,,,,,7,1,1,21.1,1.4,115.57,55.00,14.29%,100.0%,14.3%,247,16,99,24.4,1.6,161.20,52.13,40.08%,100.0%,6.5%,225,15,113,37.8,2.4,153.16,56.84,50.22%,99.6%,6.7%,,,,,,,,,,,,,,,,,,,,,,,,,,,,,,,,,,,,,,,,,,,,,,,,,,,,,,,,,,,,,,,,,,,,,,,,,,,,,,,,,,,,,,,,,,,,,,,,,,,,,,,,,,,,,,,,,,,,,,,,,,,,,,,,,,,,,,,,,,,,,,,,,,,,,,,,,,,,,,,,,,,,,,,,,,,,,,,,,,,,,,,,,,,,,,,,,,,,,,,,,,,,,,,,,,,,,,,,,,,,,,,,,,,,,,,,,,,,,,,,,,,,,,,,,,,,,,,,,,,,,,,,,,,,,,,,,,,,,,,,,,,,,,,,,,,,,,,,,,,,,,,,,,,,,,,,,,,,,,,,,,,,,,,,,,,,,,,,,,,,,,,,,,,,,,,,,,,,,,,,,,,,,,,,,,,,,,,,,,,,,,,,,,,,,,,,,,,,,,,,,,,,,,,,,,,,,,,,,,,,,,,,,,,,,,,,,,,,,,,,
mayra.reyes@slice.com,ES-12-JUNIOR,,,,,,,,,,,,,,,,,,,,,77,1,16,20.9,1.5,124.71,21.19,20.78%,100.0%,1.3%,228,5,58,21.8,2.6,136.11,23.96,25.44%,99.1%,2.2%,,,,,,,,,,,,,,,,,,,,,,,,,,,,,,,,,,,,,,,,,,,,,,,,,,,,,,,,,,,,,,,,,,,,,,,,,,,,,,,,,,,,,,,,,,,,,,,,,,,,,,,,,,,,,,,,,,,,,,,,,,,,,,,,,,,,,,,,,,,,,,,,,,,,,,,,,,,,,,,,,,,,,,,,,,,,,,,,,,,,,,,,,,,,,,,,,,,,,,,,,,,,,,,,,,,,,,,,,,,,,,,,,,,,,,,,,,,,,,,,,,,,,,,,,,,,,,,,,,,,,,,,,,,,,,,,,,,,,,,,,,,,,,,,,,,,,,,,,,,,,,,,,,,,,,,,,,,,,,,,,,,,,,,,,,,,,,,,,,,,,,,,,,,,,,,,,,,,,,,,,,,,,,,,,,,,,,,,,,,,,,,,,,,,,,,,,,,,,,,,,,,,,,,,,,,,,,,,,,,,,,,,,,,,,,,,,,,,,,,,
mayra.reyes@slice.com,ES-12-STANDARD,,,,,,,,,,,62,1,7,8.1,3.7,91.31,30.27,11.29%,93.5%,1.6%,213,5,22,9.4,2.3,130.92,46.27,10.33%,98.6%,2.3%,,,,,,,,,,,,,,,,,,,,,,,,,,,,,,,,,,,,,,,,,,,,,,,,,,,,,,,,,,,,,,,,,,,,,,,,,,,,,,,,,,,,,,,,,,,,,,,,,,,,,,,,,,,,,,,,,,,,,,,,,,,,,,,,,,,,,,,,,,,,,,,,,,,,,,,,,,,,,,,,,,,,,,,,,,,,,,,,,,,,,,,,,,,,,,,,,,,,,,,,,,,,,,,,,,,,,,,,,,,,,,,,,,,,,,,,,,,,,,,,,,,,,,,,,,,,,,,,,,,,,,,,,,,,,,,,,,,,,,,,,,,,,,,,,,,,,,,,,,,,,,,,,,,,,,,,,,,,,,,,,,,,,,,,,,,,,,,,,,,,,,,,,,,,,,,,,,,,,,,,,,,,,,,,,,,,,,,,,,,,,,,,,,,,,,,,,,,,,,,,,,,,,,,,,,,,,,,,,,,,,,,,,,,,,,,,,,,,,,,,,,,,,,,,,,
nelson.ruiz@slice.com,ES-12-STANDARD,,,,,,,,,,,,,,,,,,,,,,,,,,,,,,,162,1,23,12.5,7.7,93.20,25.19,14.20%,95.1%,0.6%,,,,,,,,,,,,,,,,,,,,,,,,,,,,,,,,,,,,,,,,,,,,,,,,,,,,,,,,,,,,,,,,,,,,,,,,,,,,,,,,,,,,,,,,,,,,,,,,,,,,,,,,,,,,,,,,,,,,,,,,,,,,,,,,,,,,,,,,,,,,,,,,,,,,,,,,,,,,,,,,,,,,,,,,,,,,,,,,,,,,,,,,,,,,,,,,,,,,,,,,,,,,,,,,,,,,,,,,,,,,,,,,,,,,,,,,,,,,,,,,,,,,,,,,,,,,,,,,,,,,,,,,,,,,,,,,,,,,,,,,,,,,,,,,,,,,,,,,,,,,,,,,,,,,,,,,,,,,,,,,,,,,,,,,,,,,,,,,,,,,,,,,,,,,,,,,,,,,,,,,,,,,,,,,,,,,,,,,,,,,,,,,,,,,,,,,,,,,,,,,,,,,,,,,,,,,,,,,,,,,,,,,,,,,,,,,,,,,,,,,
jacob.yniguez@slice.com,ES-17-STANDARD,,,,,,,,,,,53,2,17,23.1,8.1,155.09,89.94,32.08%,98.1%,3.8%,,,,,,,,,,,,,,,,,,,,,,,,,,,,,,,,,,,,,,,,,,,,,,,,,,,,,,,,,,,,,,,,,,,,,,,,,,,,,,,,,,,,,,,,,,,,,,,,,,,,,,,,,,,,,,,,,,,,,,,,,,,,,,,,,,,,,,,,,,,,,,,,,,,,,,,,,,,,,,,,,,,,,,,,,,,,,,,,,,,,,,,,,,,,,,,,,,,,,,,,,,,,,,,,,,,,,,,,,,,,,,,,,,,,,,,,,,,,,,,,,,,,,,,,,,,,,,,,,,,,,,,,,,,,,,,,,,,,,,,,,,,,,,,,,,,,,,,,,,,,,,,,,,,,,,,,,,,,,,,,,,,,,,,,,,,,,,,,,,,,,,,,,,,,,,,,,,,,,,,,,,,,,,,,,,,,,,,,,,,,,,,,,,,,,,,,,,,,,,,,,,,,,,,,,,,,,,,,,,,,,,,,,,,,,,,,,,,,,,,,,,,,,,,,,,,,,,,,,,,,
consuelo.casas@slice.com,ES-12-JUNIOR,,,,,,,,,,,,,,,,,,,,,7,1,10,63.4,6.1,437.43,104.29,142.86%,100.0%,14.3%,,,,,,,,,,,,,,,,,,,,,,,,,,,,,,,,,,,,,,,,,,,,,,,,,,,,,,,,,,,,,,,,,,,,,,,,,,,,,,,,,,,,,,,,,,,,,,,,,,,,,,,,,,,,,,,,,,,,,,,,,,,,,,,,,,,,,,,,,,,,,,,,,,,,,,,,,,,,,,,,,,,,,,,,,,,,,,,,,,,,,,,,,,,,,,,,,,,,,,,,,,,,,,,,,,,,,,,,,,,,,,,,,,,,,,,,,,,,,,,,,,,,,,,,,,,,,,,,,,,,,,,,,,,,,,,,,,,,,,,,,,,,,,,,,,,,,,,,,,,,,,,,,,,,,,,,,,,,,,,,,,,,,,,,,,,,,,,,,,,,,,,,,,,,,,,,,,,,,,,,,,,,,,,,,,,,,,,,,,,,,,,,,,,,,,,,,,,,,,,,,,,,,,,,,,,,,,,,,,,,,,,,,,,,,,,,,,,,,,,,,,,,,,,,,,
juan.garcia@slice.com,ES-12-JUNIOR,,,,,,,,,,,2,0,0,0.0,8.0,117.50,53.50,0.00%,100.0%,0.0%,7,0,1,16.0,10.7,243.14,112.57,14.29%,85.7%,0.0%,,,,,,,,,,,,,,,,,,,,,,,,,,,,,,,,,,,,,,,,,,,,,,,,,,,,,,,,,,,,,,,,,,,,,,,,,,,,,,,,,,,,,,,,,,,,,,,,,,,,,,,,,,,,,,,,,,,,,,,,,,,,,,,,,,,,,,,,,,,,,,,,,,,,,,,,,,,,,,,,,,,,,,,,,,,,,,,,,,,,,,,,,,,,,,,,,,,,,,,,,,,,,,,,,,,,,,,,,,,,,,,,,,,,,,,,,,,,,,,,,,,,,,,,,,,,,,,,,,,,,,,,,,,,,,,,,,,,,,,,,,,,,,,,,,,,,,,,,,,,,,,,,,,,,,,,,,,,,,,,,,,,,,,,,,,,,,,,,,,,,,,,,,,,,,,,,,,,,,,,,,,,,,,,,,,,,,,,,,,,,,,,,,,,,,,,,,,,,,,,,,,,,,,,,,,,,,,,,,,,,,,,,,,,,,,,,,,,,,,,,,,,,,,,,,
jorge.hernandez@slice.com,ES-12-JUNIOR,,,,,,,,,,,4,0,0,0.0,10.5,68.75,59.75,0.00%,100.0%,0.0%,2,0,2,44.5,8.5,189.00,87.50,100.00%,100.0%,0.0%,,,,,,,,,,,,,,,,,,,,,,,,,,,,,,,,,,,,,,,,,,,,,,,,,,,,,,,,,,,,,,,,,,,,,,,,,,,,,,,,,,,,,,,,,,,,,,,,,,,,,,,,,,,,,,,,,,,,,,,,,,,,,,,,,,,,,,,,,,,,,,,,,,,,,,,,,,,,,,,,,,,,,,,,,,,,,,,,,,,,,,,,,,,,,,,,,,,,,,,,,,,,,,,,,,,,,,,,,,,,,,,,,,,,,,,,,,,,,,,,,,,,,,,,,,,,,,,,,,,,,,,,,,,,,,,,,,,,,,,,,,,,,,,,,,,,,,,,,,,,,,,,,,,,,,,,,,,,,,,,,,,,,,,,,,,,,,,,,,,,,,,,,,,,,,,,,,,,,,,,,,,,,,,,,,,,,,,,,,,,,,,,,,,,,,,,,,,,,,,,,,,,,,,,,,,,,,,,,,,,,,,,,,,,,,,,,,,,,,,,,,,,,,,,,,
patricia.balderas@slice.com,ES-12-JUNIOR,,,,,,,,,,,4,1,1,1.5,7.3,102.25,130.25,25.00%,100.0%,25.0%,3,0,1,21.3,8.3,207.00,141.33,33.33%,100.0%,0.0%,,,,,,,,,,,,,,,,,,,,,,,,,,,,,,,,,,,,,,,,,,,,,,,,,,,,,,,,,,,,,,,,,,,,,,,,,,,,,,,,,,,,,,,,,,,,,,,,,,,,,,,,,,,,,,,,,,,,,,,,,,,,,,,,,,,,,,,,,,,,,,,,,,,,,,,,,,,,,,,,,,,,,,,,,,,,,,,,,,,,,,,,,,,,,,,,,,,,,,,,,,,,,,,,,,,,,,,,,,,,,,,,,,,,,,,,,,,,,,,,,,,,,,,,,,,,,,,,,,,,,,,,,,,,,,,,,,,,,,,,,,,,,,,,,,,,,,,,,,,,,,,,,,,,,,,,,,,,,,,,,,,,,,,,,,,,,,,,,,,,,,,,,,,,,,,,,,,,,,,,,,,,,,,,,,,,,,,,,,,,,,,,,,,,,,,,,,,,,,,,,,,,,,,,,,,,,,,,,,,,,,,,,,,,,,,,,,,,,,,,,,,,,,,,,,
manuel.castro@slice.com,ES-12-JUNIOR,,,,,,,,,,,,,,,,,,,,,4,0,1,36.0,9.8,301.50,190.00,25.00%,100.0%,0.0%,,,,,,,,,,,,,,,,,,,,,,,,,,,,,,,,,,,,,,,,,,,,,,,,,,,,,,,,,,,,,,,,,,,,,,,,,,,,,,,,,,,,,,,,,,,,,,,,,,,,,,,,,,,,,,,,,,,,,,,,,,,,,,,,,,,,,,,,,,,,,,,,,,,,,,,,,,,,,,,,,,,,,,,,,,,,,,,,,,,,,,,,,,,,,,,,,,,,,,,,,,,,,,,,,,,,,,,,,,,,,,,,,,,,,,,,,,,,,,,,,,,,,,,,,,,,,,,,,,,,,,,,,,,,,,,,,,,,,,,,,,,,,,,,,,,,,,,,,,,,,,,,,,,,,,,,,,,,,,,,,,,,,,,,,,,,,,,,,,,,,,,,,,,,,,,,,,,,,,,,,,,,,,,,,,,,,,,,,,,,,,,,,,,,,,,,,,,,,,,,,,,,,,,,,,,,,,,,,,,,,,,,,,,,,,,,,,,,,,,,,,,,,,,,,,
bianca.gamboa@slice.com,ES-12-JUNIOR,,,,,,,,,,,,,,,,,,,,,3,0,0,0.0,9.3,320.33,80.33,0.00%,66.7%,0.0%,,,,,,,,,,,,,,,,,,,,,,,,,,,,,,,,,,,,,,,,,,,,,,,,,,,,,,,,,,,,,,,,,,,,,,,,,,,,,,,,,,,,,,,,,,,,,,,,,,,,,,,,,,,,,,,,,,,,,,,,,,,,,,,,,,,,,,,,,,,,,,,,,,,,,,,,,,,,,,,,,,,,,,,,,,,,,,,,,,,,,,,,,,,,,,,,,,,,,,,,,,,,,,,,,,,,,,,,,,,,,,,,,,,,,,,,,,,,,,,,,,,,,,,,,,,,,,,,,,,,,,,,,,,,,,,,,,,,,,,,,,,,,,,,,,,,,,,,,,,,,,,,,,,,,,,,,,,,,,,,,,,,,,,,,,,,,,,,,,,,,,,,,,,,,,,,,,,,,,,,,,,,,,,,,,,,,,,,,,,,,,,,,,,,,,,,,,,,,,,,,,,,,,,,,,,,,,,,,,,,,,,,,,,,,,,,,,,,,,,,,,,,,,,,,,
carlos.r@slice.com,ES-12-JUNIOR,,,,,,,,,,,1,0,0,0.0,8.0,80.00,99.00,0.00%,100.0%,0.0%,3,0,6,133.7,9.7,362.33,30.00,200.00%,100.0%,0.0%,,,,,,,,,,,,,,,,,,,,,,,,,,,,,,,,,,,,,,,,,,,,,,,,,,,,,,,,,,,,,,,,,,,,,,,,,,,,,,,,,,,,,,,,,,,,,,,,,,,,,,,,,,,,,,,,,,,,,,,,,,,,,,,,,,,,,,,,,,,,,,,,,,,,,,,,,,,,,,,,,,,,,,,,,,,,,,,,,,,,,,,,,,,,,,,,,,,,,,,,,,,,,,,,,,,,,,,,,,,,,,,,,,,,,,,,,,,,,,,,,,,,,,,,,,,,,,,,,,,,,,,,,,,,,,,,,,,,,,,,,,,,,,,,,,,,,,,,,,,,,,,,,,,,,,,,,,,,,,,,,,,,,,,,,,,,,,,,,,,,,,,,,,,,,,,,,,,,,,,,,,,,,,,,,,,,,,,,,,,,,,,,,,,,,,,,,,,,,,,,,,,,,,,,,,,,,,,,,,,,,,,,,,,,,,,,,,,,,,,,,,,,,,,,,,
oslyn.whizar@slice.com,ES-12-JUNIOR,,,,,,,,,,,2,0,0,0.0,9.0,106.50,61.00,0.00%,100.0%,0.0%,2,0,0,0.0,11.0,609.50,58.00,0.00%,100.0%,0.0%,,,,,,,,,,,,,,,,,,,,,,,,,,,,,,,,,,,,,,,,,,,,,,,,,,,,,,,,,,,,,,,,,,,,,,,,,,,,,,,,,,,,,,,,,,,,,,,,,,,,,,,,,,,,,,,,,,,,,,,,,,,,,,,,,,,,,,,,,,,,,,,,,,,,,,,,,,,,,,,,,,,,,,,,,,,,,,,,,,,,,,,,,,,,,,,,,,,,,,,,,,,,,,,,,,,,,,,,,,,,,,,,,,,,,,,,,,,,,,,,,,,,,,,,,,,,,,,,,,,,,,,,,,,,,,,,,,,,,,,,,,,,,,,,,,,,,,,,,,,,,,,,,,,,,,,,,,,,,,,,,,,,,,,,,,,,,,,,,,,,,,,,,,,,,,,,,,,,,,,,,,,,,,,,,,,,,,,,,,,,,,,,,,,,,,,,,,,,,,,,,,,,,,,,,,,,,,,,,,,,,,,,,,,,,,,,,,,,,,,,,,,,,,,,,,
jacob.yniguez@slice.com,ES-12-JUNIOR,,,,,,,,,,,,,,,,,,,,,2,1,1,41.0,7.5,224.00,59.50,50.00%,100.0%,50.0%,,,,,,,,,,,,,,,,,,,,,,,,,,,,,,,,,,,,,,,,,,,,,,,,,,,,,,,,,,,,,,,,,,,,,,,,,,,,,,,,,,,,,,,,,,,,,,,,,,,,,,,,,,,,,,,,,,,,,,,,,,,,,,,,,,,,,,,,,,,,,,,,,,,,,,,,,,,,,,,,,,,,,,,,,,,,,,,,,,,,,,,,,,,,,,,,,,,,,,,,,,,,,,,,,,,,,,,,,,,,,,,,,,,,,,,,,,,,,,,,,,,,,,,,,,,,,,,,,,,,,,,,,,,,,,,,,,,,,,,,,,,,,,,,,,,,,,,,,,,,,,,,,,,,,,,,,,,,,,,,,,,,,,,,,,,,,,,,,,,,,,,,,,,,,,,,,,,,,,,,,,,,,,,,,,,,,,,,,,,,,,,,,,,,,,,,,,,,,,,,,,,,,,,,,,,,,,,,,,,,,,,,,,,,,,,,,,,,,,,,,,,,,,,,,,
miriam.avendano@slice.com,ES-12-JUNIOR,,,,,,,,,,,,,,,,,,,,,2,0,3,106.5,15.0,157.50,19.00,150.00%,50.0%,0.0%,,,,,,,,,,,,,,,,,,,,,,,,,,,,,,,,,,,,,,,,,,,,,,,,,,,,,,,,,,,,,,,,,,,,,,,,,,,,,,,,,,,,,,,,,,,,,,,,,,,,,,,,,,,,,,,,,,,,,,,,,,,,,,,,,,,,,,,,,,,,,,,,,,,,,,,,,,,,,,,,,,,,,,,,,,,,,,,,,,,,,,,,,,,,,,,,,,,,,,,,,,,,,,,,,,,,,,,,,,,,,,,,,,,,,,,,,,,,,,,,,,,,,,,,,,,,,,,,,,,,,,,,,,,,,,,,,,,,,,,,,,,,,,,,,,,,,,,,,,,,,,,,,,,,,,,,,,,,,,,,,,,,,,,,,,,,,,,,,,,,,,,,,,,,,,,,,,,,,,,,,,,,,,,,,,,,,,,,,,,,,,,,,,,,,,,,,,,,,,,,,,,,,,,,,,,,,,,,,,,,,,,,,,,,,,,,,,,,,,,,,,,,,,,,,,
paula.preciado@slice.com,ES-12-JUNIOR,,,,,,,,,,,,,,,,,,,,,2,0,0,0.0,7.0,90.00,103.00,0.00%,100.0%,0.0%,,,,,,,,,,,,,,,,,,,,,,,,,,,,,,,,,,,,,,,,,,,,,,,,,,,,,,,,,,,,,,,,,,,,,,,,,,,,,,,,,,,,,,,,,,,,,,,,,,,,,,,,,,,,,,,,,,,,,,,,,,,,,,,,,,,,,,,,,,,,,,,,,,,,,,,,,,,,,,,,,,,,,,,,,,,,,,,,,,,,,,,,,,,,,,,,,,,,,,,,,,,,,,,,,,,,,,,,,,,,,,,,,,,,,,,,,,,,,,,,,,,,,,,,,,,,,,,,,,,,,,,,,,,,,,,,,,,,,,,,,,,,,,,,,,,,,,,,,,,,,,,,,,,,,,,,,,,,,,,,,,,,,,,,,,,,,,,,,,,,,,,,,,,,,,,,,,,,,,,,,,,,,,,,,,,,,,,,,,,,,,,,,,,,,,,,,,,,,,,,,,,,,,,,,,,,,,,,,,,,,,,,,,,,,,,,,,,,,,,,,,,,,,,,,,
,,"8,277",331,"1,658",15.6,3.3,122.60,66.73,20.03%,98.7%,4.0%,"9,898",400,"2,032",15.0,3.3,132.77,68.65,20.53%,99.8%,4.0%,"8,964",407,"1,639",12.8,2.8,126.93,60.55,18.28%,99.6%,4.5%,"8,852",412,"1,716",13.8,3.6,129.17,61.38,19.39%,99.6%,4.7%,,,,,,,,,,,,,,,,,,,,,,,,,,,,,,,,,,,,,,,,,,,,,,,,,,,,,,,,,,,,,,,,,,,,,,,,,,,,,,,,,,,,,,,,,,,,,,,,,,,,,,,,,,,,,,,,,,,,,,,,,,,,,,,,,,,,,,,,,,,,,,,,,,,,,,,,,,,,,,,,,,,,,,,,,,,,,,,,,,,,,,,,,,,,,,,,,,,,,,,,,,,,,,,,,,,,,,,,,,,,,,,,,,,,,,,,,,,,,,,,,,,,,,,,,,,,,,,,,,,,,,,,,,,,,,,,,,,,,,,,,,,,,,,,,,,,,,,,,,,,,,,,,,,,,,,,,,,,,,,,,,,,,,,,,,,,,,,,,,,,,,,,,,,,,,,,,,,,,,,,,,,,,,,,,,,,,,,,,,,,,,,,,,,,,,,,,,,,,,,,,,,,,,,,,,,,,,,,,,,,,,,,,,,,,,,,,,,,,,,,
